cookie_id,score
ck_315fb710a0e371e7,0.0009347465469286842
ck_a76ee3b3e3e522fd,0.08867879838122553
ck_94c9a4d382689e82,0.05026346919187759
ck_8eaf9509ad9462a0,0.0005990983125863811
ck_9a88a5a989cb5bc6,0.003406831877343949
ck_15239ef0689c1a35,0.006023296395794488
ck_8de69cd219d3b87f,0.30971331379416145
ck_f92cd37022b0ce21,0.013949885802748552
ck_1a3ff7620580a514,0.009197766910188362
ck_397c03aa33a57310,0.17651837796042727
ck_a7cf6c3b322f6b7a,0.019780199975724465
ck_c39a9e75760e3201,0.003594162878976939
ck_88ab6d245228c38e,0.0008916399719094255
ck_17733f75ebdea93e,0.0029716068851981265
ck_58eb871e8d7bed52,0.022854938998225743
ck_e55b7fa67db1ec27,0.0015664170542560474
ck_62f5cfe22c952694,0.010856351853950152
ck_7fbb709a0fe95759,0.0016450495777620565
ck_87abe9cd066a20fb,0.05122763760745573
ck_d58e058b5c553dd5,0.005753550338362985
ck_d27b872648b71202,0.0023413362621111477
ck_4b4a3c5b95c55b43,0.0013157029227065945
ck_66dd4f4b4127256d,0.002520353687681498
ck_93cc12703b500613,0.04536962882166996
ck_d28806a2179092eb,0.9976254728741257
ck_0595c2a0c7881e05,0.0071903198881497
ck_50087d8666191144,0.289842294599292
ck_b08b3f089138c901,0.01420547673325839
ck_fe3b67041dad2dd1,0.0010308306204231336
ck_8449a28f7d475d93,0.017463844866334937
ck_8642e3b6d84f49d3,0.005029241611059255
ck_e49b5e4f2f2e79db,0.27298992653260445
ck_437afe412ea4259c,0.07648210611761093
ck_569b83668d74042d,0.4974945735197169
ck_233a487d31c3e631,0.9993507244689275
ck_1fca72e03143a645,0.9229784717851673
ck_79205e31223df2ad,0.02619426078491165
ck_9625a64406ea16e3,0.0044856206703444935
ck_079bd18dacb704a8,0.1669272923272648
ck_4db6d4fd2b49aa81,0.024718415894870976
ck_0dbefdac0a1868fb,0.0025575031864374653
ck_24ff97ad90bdd69a,0.09818533214279959
ck_77f8c5042065d506,0.010352206980712549
ck_f11be8ce05382cec,0.02030243408722021
ck_c9d72140b0389216,0.034074203720199876
ck_69eda24e931fb36a,0.00046115731646467013
ck_ed471e496916ee15,0.002656768549568097
ck_ff090498c4b17ac3,0.006394724569403723
ck_c3c19d6a0720915c,0.0020176860087534124
ck_af02e1817cfa40b5,0.021740686689059686
ck_2df5a9fc87553eb1,0.003980737057817165
ck_4ac918e884cff336,0.02857511269803654
ck_ca149244b54ef3ad,0.00019238284247509124
ck_6babe5b8674ff51f,0.01538339660293264
ck_1573878386886290,0.005191636563753049
ck_3925f8565abb7fe4,0.006143694016074092
ck_c4de808ae69c771f,0.00021869483666213824
ck_a777c813551281fe,0.009905211336534835
ck_df4424f6dd85080d,0.056162440569512743
ck_85e5494ec20383ae,0.01726416043226539
ck_f71a4094e889c3af,0.0034697210992274976
ck_f2f3cf9cd23b2809,0.024758622022553627
ck_18e2076397bcc211,0.05963028718380672
ck_c9f9fddef39bc664,0.029961416142982252
ck_7e826e233d6ea028,0.001290872980500865
ck_62fd7eb46bee9210,0.01782614065438414
ck_206f8e3cd72768f3,0.024163355668981548
ck_aa295a11b0a6ab36,0.006215270455965275
ck_9a56739d81f84a53,0.006568000809059191
ck_aa075c418ed9fe5a,0.01675356124285222
ck_62b9fb3db284941b,0.010154461502616816
ck_f4f83b1403ebea46,0.013998608660344402
ck_16b66bd803288bc3,0.29577071479804196
ck_c4ca1434f3778f1d,0.9988572596318596
ck_1b823610371a29c0,0.011289553994546297
ck_c2bd5a722aa637d9,0.003415834710989451
ck_7890208951df34f0,0.01639571208239512
ck_020eb0e454524ecd,0.0009897119447978035
ck_3b66196ccf436c35,0.005011224895258715
ck_109fc467ec0a4af5,0.05949961176329602
ck_f3dcd818db92de7b,0.01631511365280508
ck_31e7742f160980ef,0.03412256739073187
ck_77fce5f86f00b8f4,0.12803925720550036
ck_46bc797b4d07d607,0.0017518275445709702
ck_37899b1b571b1c6b,0.010464851846251785
ck_ef8a6af43fedd464,0.0021250463846098533
ck_bcc8519fe8521038,0.04559457794496974
ck_90696b7182dd9129,0.0127357797806232
ck_4a24ad61d017e1ba,0.013453324154560839
ck_0acc3d8c67218b9d,0.0062307757794229325
ck_05c97fc9de11aba6,0.145932001664574
ck_f8ac3a0500c0ec62,0.003927620628247079
ck_617b65141f546a1c,0.003606575381158873
ck_9d00823bf60388d7,0.03583446585010674
ck_123c15d93f1840f2,0.1730771485741041
ck_573feefba6bf78bb,0.07277535835591377
ck_b25657bd16739036,0.0073287631606477055
ck_bd26d2bef14a8597,0.003298455738478831
ck_a553418f2fba1440,0.020464398132528674
ck_89f3e380b0686963,0.007426910519261636
ck_b359192aa659bdce,0.012120819411700658
ck_02241f3dc301bebf,0.013149414451724585
ck_5ccc1a1c78cb33ee,0.062405471647504096
ck_349cc5edda1b8853,0.04073787154488617
ck_e9f228845bf6e28b,0.044150931830218024
ck_0a45d033d4e280ea,0.030895755113116985
ck_7e63168dda612235,0.003738742610888775
ck_676fa5f6aae5475b,0.01615954350240704
ck_74b502b20690ccfe,0.009971512967266076
ck_073509af21dd7f5f,0.43514965971365405
ck_498a0acd450944d8,0.004330813228752449
ck_7f15b50b29dead01,0.01114784461658707
ck_8089fe7403c5f537,0.013837954814427015
ck_05b2b04e11d9ae9c,0.008647311121218207
ck_31e70f2f04b48b88,0.0018803810556156102
ck_994316fa5a02b319,0.0008586297549753668
ck_b76510998b9a2260,0.012440885300878904
ck_4db95c310e105d30,0.0015481348506908349
ck_6f730b77dc6cdb84,0.006467800236300189
ck_2493ee8e7b91d304,0.03895571504651421
ck_92d679d6ac7dcdcb,0.08504954956482698
ck_3a0e0200cbb185cb,0.03145992252109808
ck_0b2eeb4e00ff7955,0.0065262492767629715
ck_9843d0e61c37ebe8,0.9982137492561739
ck_e61c8721e3ef1921,0.004035052445587144
ck_2e0eedaaf2980c2c,0.003607757201056794
ck_9036b2e5e9298a34,0.008083770321770175
ck_3265442528d51728,0.01632148851777596
ck_f2ddae2eb1cb29b4,0.01612936634094592
ck_6cfa71d27fc27f92,0.009856454526710981
ck_f3199fbe84a28b9a,0.009837007386344094
ck_b78d785ca3ef773a,0.008981136698388976
ck_374865697f1480eb,0.019215899711152788
ck_06d0e4a9189302a9,0.016629131417077437
ck_9c9884b9bcaa552e,0.29522840928118943
ck_fd4cf578e87703ff,0.011320379009730196
ck_1917ef3e6e345549,0.0928022330405291
ck_e70418b00cbbbac9,0.026229644106974353
ck_a60388296a47062c,0.03285026217881582
ck_d598fe8d2c779ab9,0.00763254785328665
ck_646dc03de4c31803,0.8065583906902358
ck_e4fd8cbd842b6993,0.004012310573049598
ck_2225b555aa2a42ed,0.03350381357712574
ck_6be8ae9d78148882,0.0072453294723477946
ck_4199342d3aca74e8,0.056170761697724024
ck_779581adb573261f,0.030758931412881357
ck_bb303568b6915205,0.055048897881164814
ck_17c4296276448afe,0.008284625601869655
ck_a60a61ac829252a0,0.00472652432133652
ck_6ea70950c1cae00b,0.9406348440644464
ck_1abb93f6924645e1,0.05288687015623978
ck_faab769cce19879a,0.04511809048297559
ck_d5b8e74e7ca6355a,0.08113430988596367
ck_f11f7691af16ad07,0.0017211933341962932
ck_188fdf2be7c92e9d,0.9988109492128101
ck_4a103f8254b366f7,0.01534490785402567
ck_bfa17a0b1760e616,0.00201798233423666
ck_a4d7f6a5869d440a,0.9331764861125268
ck_58e20f5a3e7f11b8,0.6959382696430338
ck_4becdd3d2696c7ba,0.0020073636242835626
ck_dad5cf32ab9f243f,0.0022946463501635683
ck_7d9f73dc7c4f90c3,0.11787169286174823
ck_c19371047a2d011d,0.001838370020345137
ck_247589ff532f7aa8,0.004936933138970879
ck_7a9f241d5f082567,0.005811225372461687
ck_0a2b7078736b4dda,0.001456326107561108
ck_687b412e2aac7eb6,0.009381076566555523
ck_fce0b6855886a0b8,0.018995703925976864
ck_e291cc60920456d0,0.14068088695031103
ck_04219a7ea798db51,0.05620383372071861
ck_286bfd719836e9f3,0.17726326160352696
ck_55efc92394fee232,0.005998581143464048
ck_e36c8da1bd359960,0.0314918512752121
ck_34b0988a97d96902,0.008954102961381721
ck_e0fb11fc9dcb34e6,0.004212224852161819
ck_bcc9cbc9ed8b7c31,0.011334670640044942
ck_3df8da6f60a89a5b,0.018477489786326195
ck_b1495ee5c59a6b28,0.02129746358150608
ck_58f4c3ac61fda129,0.09690468263804394
ck_735f244b99e3aa8d,0.013357241002924122
ck_6b93bd8abf87b1d6,0.8939108077036186
ck_12107dacc6d05bd1,0.0017790366562608392
ck_f96db2a1f3448d1f,0.008556364121803718
ck_8fd91a3c99e19097,0.00667084546009417
ck_910205d25388a0ae,0.0006269020529307658
ck_d229dfa0e4442628,0.0019008040110013108
ck_7cdec61e1c488798,0.04720904581076071
ck_f66f06e24ff32671,0.01515046178485755
ck_350bf14e90b503f5,0.005173500357505649
ck_61fff5fdaadd394b,0.0037079371227655062
ck_e934f984bad2ff91,0.4394464259731981
ck_ff6a6d3547dd2d37,0.008120061154548504
ck_65ad9b15979e3247,0.012448888204281505
ck_bbe1a2ea5a403ad8,0.6110575969649661
ck_6f3a28eecd2c4031,0.01485938460057761
ck_a89b66665714058f,0.006731893272116897
ck_918c92182b6817cd,0.02734553251409386
ck_64f5eb4be9e7b8fa,0.0947941725689225
ck_d021fd497ea35fb2,0.034798803384246416
ck_004de16f7d8a42ae,0.034915676071772116
ck_a33d2325f86ab12d,0.0034117267353321527
ck_89790ff26c844bc6,0.0051429926672035865
ck_e6e7257377c37b28,0.08235099392066499
ck_a2cc3910a641a808,0.7294492562402096
ck_646e270e0195bf05,0.004962949415135413
ck_baba5d66def0d770,0.05379550299330444
ck_67cdcdda3033842d,0.11095762692264409
ck_b5c3075c811a2216,0.03267198717929928
ck_515379973a8044b8,0.004494437896953678
ck_c0ce85fb4109567d,0.030884591769641014
ck_fef850553862aaca,0.0019812659982060693
ck_55d7217b0aff9fa2,0.011171743480216607
ck_8e139f8925ef7968,0.005013866157952331
ck_9e35b908fca1e4d7,0.006943943839546162
ck_59735f4ab2ad3da5,0.011886644592385679
ck_dc569c1167ccec0d,0.6227656960543315
ck_1dade5592f90a15c,0.023760979696806944
ck_793048d11fb8b328,0.28834197406221834
ck_545b71eb4fa594b5,0.0037022253099596447
ck_bd30853e9a57b544,0.015908196878408887
ck_59f46321ecf6d306,0.021331922485451738
ck_260cfe9141d249f1,0.19633509001416707
ck_3365a0ad1a8aa83c,0.006447095509965321
ck_b0ef193195a2138b,0.0011766990756521005
ck_0f909705e2e60f2f,0.0028613499104501367
ck_5a540b75c866166a,0.033168551743380806
ck_87c26b2f41025109,0.996477751100582
ck_27acc9f320cda104,0.19099883657712838
ck_a27bc31eecd9cb9a,0.00449366522298512
ck_115d86fabde77b65,0.00036571455361746145
ck_eeca179341d56f8a,0.580528583638097
ck_8e5999c436cf037e,0.0010469174179087999
ck_510e7c5df1f95d90,0.9976963875278799
ck_f1acf73363925958,0.013820059060781958
ck_3c177f5970b68bd3,0.0045149685744098784
ck_9cdfaa1c30cc9d32,0.00047658469691775094
ck_c8efa1538b37c359,0.012159462521389297
ck_a8a2e296f9804bd7,0.013854403008511429
ck_91a0ca45f429568d,0.014172225826119872
ck_5fdf8a0bdbd3ed62,0.016522460472976737
ck_0f4e2ec66d50da5f,0.0048602932473867854
ck_28c53b214b2ee882,0.18260167736391497
ck_003148504557f720,0.13237000329964052
ck_01d840cffb870615,0.5813744298389508
ck_555848d51f4b5f35,0.033517232686178525
ck_df20cc23b8fb8e22,0.005852175162655216
ck_f9604adde929beff,0.0017835144117242456
ck_d66952b03591bdec,0.0037281284597056722
ck_ddcac1ab765ff61a,0.03147093316759046
ck_347386629d96c664,0.019908337918921347
ck_ab01db9117acfe3d,0.005102238523514551
ck_58e5359efc52e0ad,0.00378000099301874
ck_1a524b5cc8da71b3,0.1107196702722251
ck_e9287b6d909d731f,0.001663435079979197
ck_bb41a66e3d90263b,0.395948297251699
ck_e95c8cc1864bd584,0.004428889721108899
ck_7a3f2961e9a8b6dc,0.005499025771310376
ck_378a9df82b1e0bee,0.2929857367412497
ck_42633573639a3f02,0.9843036995368991
ck_2a5a4c18c2c7274b,0.0064812755651393345
ck_77549c1a41f837c3,0.013842040657704583
ck_a26704b5b26258b7,0.015120697856759608
ck_9874ad160efddf50,0.002963768203737584
ck_9111e3a04b14dfba,0.02179047073710679
ck_651e076ee43aea85,0.010317152543083097
ck_391639c0f13932f3,0.0005771106943036982
ck_02dbabda93c8c13d,0.03579534727635068
ck_0adcb1fffcb0a34b,0.03684780501574579
ck_7a43ef9c7b1c67b5,0.0005356389522933475
ck_4b9dd69946438d0b,0.008779198033513456
ck_90bf017cdd37b66e,0.12659967477568063
ck_61c74163eb36556e,0.01657295068217132
ck_13376c59b5bd6943,0.0026717793477533526
ck_62337eccb1672737,0.01802726104254388
ck_16077934338472bf,0.004016875005113344
ck_0d4dfd93086e7330,0.005869868229218201
ck_3865b7525b910893,0.01081361954660322
ck_7e2ae8b69ebd5675,0.00226188504172965
ck_b4384b6c11766ce7,0.01316172625034076
ck_3d7fa32dfb9fc692,0.06441058370054077
ck_f4a6a7cadd6e0603,0.1042026169799684
ck_212525e2828a6c45,0.018184741715944218
ck_33ad8d53394ba77a,0.45579079575339493
ck_a5051eafe8b51224,0.007415275919736178
ck_f65e5ff7da565f91,0.014514856289605096
ck_5c37f7563fa7591d,0.015474845658267207
ck_f1e0a006068aff29,0.014983072340799411
ck_c646cdead6fb79d0,0.01259477795965174
ck_f8b3cdffef535330,0.15726665805406637
ck_e5cdbe3aa12c97f6,0.008878564271092107
ck_986e4e61440506d0,0.07436821778647973
ck_6da9c5912e15d9a8,0.06215847797019611
ck_51d842e6dae74c71,0.004583839709991064
ck_5fc65c24e0736d5d,0.9412267627652058
ck_babb95a76c69509d,0.018546396254368557
ck_86a2d852a9715432,0.026587377359533194
ck_db4083a0d043def8,0.49065431907323115
ck_96953b8945b7d403,0.011335609604230457
ck_7831ca5c31fb3859,0.10557782644416853
ck_60ac5e5f375daa38,0.006627585400203492
ck_05d44eb1f5f085ce,0.02713781546636224
ck_432cc19c7eeaa46e,0.017553159907778653
ck_7fc513033af061af,0.05826231751802086
ck_ada6ede84c111719,0.02107393030408865
ck_6343e0d3b1c2962b,0.023325976794231436
ck_010264ae04f2e902,0.08069971590870335
ck_e9dcf535f8c289eb,0.07360341989797506
ck_37143d9cc296e6fa,0.007453687997715277
ck_61fa051192f3e810,0.018640104669641045
ck_f9f93d1d41be1468,0.8011282959884917
ck_c4f4f28457be8a74,0.0008968119746859969
ck_323a71f9452d21cb,0.6442663693104796
ck_170f4688e0acd875,0.08568369070500144
ck_869b1878d09d230d,0.17139626636245284
ck_2f6b33bf46976229,0.005239960073100333
ck_b11e22e75d9b99de,0.0012378444405407294
ck_123d75ffb75b606d,0.010983983375380615
ck_94295287a04c85d2,0.11921986278506083
ck_1b0434f096795328,0.005844037100243182
ck_0a4e191cd0a57ce1,0.002457162907996198
ck_d2fbd0df99634676,0.004890503058189021
ck_d51df5e9fbbbcc94,0.1457635891057433
ck_2d3d7d64a6f443f8,0.015942023841529124
ck_731943c682c9394e,0.020146702438085223
ck_5ccc0c94e5e1f849,0.012427358886918132
ck_c3476080516db25d,0.014254975559750175
ck_5010ffb1c94187b5,0.0011113680657706493
ck_7ef666d67bc70223,0.23785481322615634
ck_c1b493527224a27a,0.006267187725250013
ck_5d1e25d7acc5af9a,0.0051355058948087205
ck_ec30b61cbf517db8,0.002331427080280166
ck_79323eb5d2e5efae,0.0014994669484302465
ck_4085cd3bf2661518,0.010326739770644865
ck_2ca91214c357c072,0.1572791497044883
ck_7f3132d6be389657,0.06448848543845731
ck_e7a6b925c8f39a85,0.012152123442777463
ck_c886adec7bac250a,0.017271186742807632
ck_c3f360c2d0ea0a37,0.006201189005193984
ck_a7acd5b015823793,0.0091900212083661
ck_9d64187c0800f84e,0.008433350320991228
ck_5d4ed73b9efd7d11,0.006489562026706978
ck_874eca6776b34dec,0.002021600486363301
ck_96a9221a87be93c3,0.04500120196862631
ck_68dd79a51eabf5e6,0.0448038594874501
ck_8311cb6755b2016c,0.003893512684853645
ck_16fc77b2bcf5ec03,0.9917666109959206
ck_ad9e2088a33c8c72,0.0003324853015504349
ck_7176bbc97b1e42a1,0.0016339593697891862
ck_80dfa54b30f65fff,0.7362091785133696
ck_31c54d540b128843,0.0064293395146600854
ck_43ea894480567274,0.029000230043363235
ck_9c9e8a38bd5a6c88,0.024542755458298652
ck_1c2dcae19539e148,0.0736656502446585
ck_b0fa8b84e94d8ae0,0.005606868168386227
ck_4ceb43ccd0a81c2f,0.004029290284378935
ck_ba845332b730b596,0.0013393295422280305
ck_73d3e8c6077f61e6,0.07820716215146992
ck_b5d0d223ef56473f,0.023051253212386796
ck_949f08f8e80e93ea,0.0023135751725305758
ck_73de0b49709e5f8c,0.008264249220886338
ck_b5935e9722a39819,0.052303359984854976
ck_96247fee0eb44420,0.006544337181578833
ck_a6def1e4b2d57e0d,0.027819514093290025
ck_aecdc5a96321a2d8,0.008975525230043604
ck_bc61c59970f8de49,0.033291417048830374
ck_c43b4175fc9ac5bd,0.6042484543247373
ck_8ff7a9b23a55fd62,0.004944501529543252
ck_20c99b645f462449,0.00326828934443493
ck_a5ce2ae36fb410d9,0.001661081222642116
ck_96fb9bf556842bbc,0.018245371375425267
ck_b5e4c6dbbed1b773,0.03198107106289963
ck_2085433978e72ea9,0.03675371559255432
ck_2c6b174b063ec637,0.006356540991315151
ck_b20b81b88dabe28d,0.006308960999725715
ck_243c18dbf150831c,0.0008253164556135473
ck_2bb6a17e8eee35cc,0.03094703717701831
ck_66147fb994495396,0.1704149287725301
ck_73f124f075ede0fc,0.005124283227785124
ck_2e315f1b1e533dab,0.004477634690552201
ck_16c7bf94ed3e7a6f,0.0014021466889351834
ck_4a0eae220a762ac5,0.021550544256986173
ck_dc16f939c2f44ad8,0.05219759318734449
ck_817926b449754917,0.010692677202614477
ck_0c0dde42ab64ef87,0.01905133634665797
ck_cb3a40594da6a2ee,0.0456575310295377
ck_d0dc156441fcfdcb,0.016133846296406663
ck_66f0945add423e9e,0.004129573928573143
ck_a74f6a3030f5d495,0.01315231227896061
ck_1ae460f331e49ae2,0.011438754042965559
ck_2d177b2f4f0b40c9,0.22880246252263337
ck_92e474e4368c4791,0.00943129628932675
ck_3dee83fa2d109484,0.0018450085003945912
ck_80e5ea27848069fe,0.004569033682810171
ck_ed0c4a83701ca230,0.019962229188459062
ck_0b8b7c5c581fd161,0.0007056441098345899
ck_60bf8a2870956fb1,0.006996065091296634
ck_73a54b56a2bf35fe,0.8240732251613822
ck_2296d7a563424883,0.008734653270961599
ck_bc19c383560c7477,0.012572352128550566
ck_861d8e3d88f1079e,0.08787663655104103
ck_3f090fc96c24eb28,0.005744107355133212
ck_9a6a1f8102febfca,0.026356191516606446
ck_541b6ad5d2fa5a39,0.00792340388712004
ck_a760d38d1bc4de97,0.0021097727405543112
ck_7dca4d7ee10b4eeb,0.003542502995081215
ck_15220e78d1545e40,0.00856256038163582
ck_ca24bb0de508efb0,0.008287379829245503
ck_56b389627d8f02c5,0.9906124004194137
ck_48a6754977a44db0,0.0035960092134231666
ck_333a43ec339a04cb,0.038304785771868494
ck_f22aacaf86a65d7e,0.025436445930834984
ck_04bd8a1ffaf3ffd8,0.0029282586375238887
ck_2737a72de6b700f3,0.08031564613834882
ck_c35e03b0dd0c3454,0.018044101644156152
ck_e0571312f395cd94,0.010053828465542456
ck_09fab6b9825001b2,0.002467101759389719
ck_18c3a095606209e8,0.008839366862694466
ck_2a97db9377d01e36,0.005375814348610843
ck_f29dbbfdd2786bd1,0.009649755259645109
ck_35d6c510ad29362e,0.2388443225466123
ck_5468fa99c945d785,0.011366754767487745
ck_6f8102f62c876cc9,0.027971796896079943
ck_91955aab3424ad16,0.006662123727879925
ck_9a43c0c73a39d759,0.0217807359227526
ck_60b023af6d1e30bf,0.6898194634850159
ck_9704c5cf8659cedc,0.021778247302826435
ck_7e5f02b51b9f78bf,0.14001384079353377
ck_7d3a88d1aa649708,0.9089160111804301
ck_8250eddc1ecb07a0,0.06992759343051562
ck_d979ef95ee44023d,0.0199907659546009
ck_5e5461dac83531ac,0.004496528273986635
ck_d1bb8890081e0a31,0.006722902386785112
ck_32246c62640648d9,0.0005599408449435574
ck_77a40c7d2f862a32,0.030452316766834093
ck_1c8b94efe9238f5b,0.0040781260086110984
ck_eaf3b6d11bc3cb11,0.0015475747114474972
ck_a4a7ef3ad799c380,0.006996783755173047
ck_d5bd8f68da073cd8,0.030248745355790457
ck_6e6258227fc8db7f,0.0009223987728656008
ck_c35d444e05799db6,0.014181580228783722
ck_74665e1209140ae8,0.013544618430895002
ck_353a272478f7e903,0.008247257351509926
ck_a2c9796ea229a4e2,0.004371096755723119
ck_e0171f91cb3411fe,0.01406007253682624
ck_703499f5410280f7,0.0025678012644199813
ck_ae3a763997f8f385,0.0460951788481764
ck_f7ff94c3df5ac874,0.00712224091965051
ck_f3c16d8f747db046,0.02962730280603491
ck_7ef019ed77276496,0.001227990172181799
ck_d6a4faadab58a3de,0.005700178424695866
ck_ba7b78d31d74c794,0.015025272731385375
ck_36287d063350ce9d,0.005415685963197901
ck_5177fc7137ff26ce,0.001361884139651026
ck_dfd4e79aaa967b63,0.003319060331863859
ck_fb44d15fb93a7157,0.033897750408373784
ck_fca478361870a4ca,0.015856067194399734
ck_e57b94fe57341058,0.03704500495864911
ck_5448c946cc4758fe,0.012191557473425355
ck_c5ece5ffb8800ad4,0.0033100282929375727
ck_11cb98211b2ed134,0.913389733778856
ck_f655399ac75c4450,0.012355381007037184
ck_c817259019588d30,0.015662926439810553
ck_8740a14d8096c6e1,0.010457209400556274
ck_0c5ba86f4e05b38d,0.0311412272266039
ck_ccc917533d4b73d4,0.019598343041092908
ck_9eb80edfa43203de,0.009258836483295573
ck_d1a1cf4cf61d6801,0.012085987353016994
ck_b17c239f160e6017,0.005736111368179219
ck_410c3e13b48e0415,0.0010417377272382929
ck_ab553954435e8854,0.8675413797953652
ck_bdbb4230c91e1604,0.036426546095101396
ck_8fd4937eadd64fb6,0.0027109079446225003
ck_e0e90b196bef3c11,0.0017129675605984526
ck_3dc4d464386f0eb2,0.18444315456794752
ck_51bbbf8f8e8ad005,0.998815098747197
ck_c05737ab74cf03c6,0.024601521069793703
ck_dceabbe04d99afc2,0.00047985405152154847
ck_5b86fd14e85bc9c7,0.509181513712953
ck_d4febf0083800424,0.010204692365721815
ck_77d9f86dcf251739,0.0054910254859289525
ck_b4dcebc543deaafb,0.024193865493677094
ck_cb856e75c949b0cc,0.0004642695194252037
ck_61b067de8ffc1ca1,0.026566408957254508
ck_c0e8560ccfd9dd9d,0.0019665885600273513
ck_173e1198c341087b,0.002377029206729486
ck_b4d55bc809000276,0.013989237874640063
ck_839bf139296b5cea,0.008986178046475723
ck_78cd402a2a4f2e35,0.0029845316226971945
ck_c2925c50ebacbdba,0.0019152603602928969
ck_5e3bc76eddbdb0a6,0.0026861661188283146
ck_b7793edca26fc512,0.00696605051629157
ck_d79bdf04d6f31cd5,0.0016709052965009784
ck_4b97d19ed946f503,0.014052710899534734
ck_37139b41c5370523,0.043230893176869976
ck_8c346eeefa9ce692,0.011494995857017732
ck_2ab7eddee2d8c49e,0.0023480510830616082
ck_29da59ea3bffb9d8,0.2907414665222666
ck_c1d05ef0ec6e4be7,0.015651267104245924
ck_3882423b449f6291,0.9244802901748174
ck_5647030283171ed5,0.8090941806076615
ck_efbdcd9c181e72ca,0.003587299426511784
ck_192fdad892782daf,0.08037436443909751
ck_0bf2e13b9f2601ac,0.06674546913899089
ck_3d6046a533057795,0.0014502107873176349
ck_279a1d3a3836e5cc,0.02852633053567801
ck_c375e929becde422,0.005870878732802479
ck_a59e90219939a1f0,0.002391624394849796
ck_4e9fba1ec54c3ff8,0.008783189121251648
ck_bcbd8588a13f5eef,0.00033787673142279383
ck_5f9a7ff990341bdd,0.000570242830869932
ck_e0403d507519b7d2,0.005726390544735826
ck_c9490cb61aff5112,0.012428528484391677
ck_41dd44308e6a665a,0.15074808482235152
ck_76c23726cd7ca947,0.004867442745627167
ck_9be551300209fa83,0.002915254224285912
ck_a98848eec6c9581e,0.0363183891105148
ck_61176dafb33b2d8a,0.35805786635947257
ck_92de019e05971ce3,0.03361273474086159
ck_5d644224135d7c65,0.004812167021624664
ck_c767fc454fa215d0,0.0022431149192575672
ck_5df85a8924e11f27,0.019230720355391286
ck_da2729307af06ed5,0.0186460238195702
ck_7c6b577174af7a78,0.009536289387595261
ck_893b8afbe11301e1,0.006892944171313432
ck_e06f6fed020ae014,0.007307485009040663
ck_386680372fb54857,0.001192369762658657
ck_7a7f3c4fe0c9d2ca,0.005916191596213956
ck_f908b527c4db422d,0.038830162733326214
ck_ec2eee6a133e9a6f,0.027534704808611626
ck_d98934f9fe0b02b3,0.004019966323381397
ck_398a1ed77b0130e5,0.0050452810183519905
ck_d960af7a55b892b1,0.00779884635546287
ck_4637e54a9f79e2e7,0.0015564563037849084
ck_02b9f418524f6650,0.02286242612210932
ck_d4b23804cebb045d,0.01318962087743585
ck_35b1939c48182a9a,0.010378614532065858
ck_2dcbb71e39d64305,0.03670912157012454
ck_47a884dec960ff2d,0.014787761850273614
ck_71fd8c346fde5cca,0.08589496412031053
ck_98e1992ac8e7d2de,0.058028279545329534
ck_ae7780327e210522,0.008399708807752726
ck_e6c584b4b1ad6d9d,0.002746664174346527
ck_344b2e326a6c3dcc,0.004247997654574189
ck_9aa899a5230b0963,0.04490154126353354
ck_e48d14d5b70ef5aa,0.010744650934449134
ck_59d380a0973b3951,0.004711391263131689
ck_11318f7c041a5ba9,0.00934806626850446
ck_7061786fe2f22f5a,0.01595783470698219
ck_e77529651c416cf7,0.008721961643933867
ck_7f79878197340435,0.0049567293129357684
ck_b0a0fb0ee9ebf106,0.01896819934390099
ck_70c7679199776a90,0.017750405187550174
ck_b9facd2210daca5c,0.08356514702385463
ck_9949f53c155b8dde,0.002317257711175902
ck_1c607e24f2c4397a,0.015754588936915413
ck_aefd1ce3ce093cbd,0.0005031020212873293
ck_5a29b7018e43280c,0.003044839333791349
ck_69eb0b2ccfbe5f95,0.008888235718470605
ck_fe037765aa465c58,0.00901437158965098
ck_5e512ef5362a3dd6,0.009852289698598473
ck_544a9e80b7fdc279,0.001674852163771435
ck_7825494e654d5695,0.02361458288732872
ck_f1f2c3c623553f0d,0.00038850878527650916
ck_52730906e5b461eb,0.8393266989996034
ck_01e0689157fe9617,0.48756314258113476
ck_9da82e567074da9d,0.006950545906589993
ck_6a17384072f904c0,0.02442151410212791
ck_8d84d771a21942a7,0.0003662397379766921
ck_39638880292782a7,0.009525126218135827
ck_7d51c86e0eec72ac,0.011119935727430415
ck_45f4c821c70d134f,0.49335893684020954
ck_0af3c13ba56ce57c,0.0033961877709527822
ck_0789a05e061b2784,0.2393151047687214
ck_6ba091eb42ffa9fb,0.12074792747045847
ck_265accb3c5c32620,0.04787805810908288
ck_179039559ff7566c,0.030414450193276304
ck_17c0a6a92b5765cf,0.007319626122102008
ck_59371c9140239fd7,0.011753890768981912
ck_f9c4f8b4ce2691f0,0.018636197273584367
ck_a2637e4872cf4811,0.07493693810748324
ck_1de43fd6c6c22a5f,0.16991978438891653
ck_6e4f31bd108571f0,0.0029927655673411572
ck_da06d97db0b18851,0.007015757598961251
ck_e0346d5081e640e8,0.07554962813614513
ck_c1c7d4e62c9fcded,0.1954023935694425
ck_2595669e421299f6,0.016863507997446455
ck_3b6057d51fd4c7d6,0.0075457932442367865
ck_c5f8ab515840a0fe,0.020718453386093353
ck_435cb24538c6f77c,0.04842418032994323
ck_d84b5403da4cea7b,0.02563647968513747
ck_c2b61a98d1c8f6dd,0.882552429851373
ck_c9dcd92b2f836b61,0.2674864458184181
ck_9eb5b3f5f672c2b1,0.002779303897787802
ck_e4cf189a8d31649a,0.002161869998227499
ck_6b114f2a48152b96,0.001156902169502226
ck_3fb95862b70f505c,0.04154973821164608
ck_7f780f465c29398e,0.005809976478258527
ck_ee387f9da79e67ea,0.03692076380154649
ck_fa3b1e85d27af2ee,0.04822838174694634
ck_e739eaaa7a1822f2,0.028646590060561566
ck_dfa0ac11fcb1dabd,0.006110648968362069
ck_6e8751b571ea54d1,0.020640157519045306
ck_2d695f8358383092,0.01455158209072591
ck_e7dce27edb700f27,0.0038754639397779824
ck_e322da8b213eab52,0.0009468288420467642
ck_d0b32e039abb8200,0.0012639872308178317
ck_b354003302b272ca,0.005535826552858542
ck_f7485cba392bc294,0.4222686115441451
ck_d6a290ff8362c7b9,0.0910222295154951
ck_c56a44fe315c0389,0.01410310171865377
ck_f77dfe6512eae322,0.013233396683581986
ck_35fe969c58b9e70b,0.0729275937155848
ck_4c518637db2322d5,0.13224219287568048
ck_cb61902798ecc4fd,0.11611663731693195
ck_56e6cfa32156a916,0.001910536429394449
ck_343e6ed2b9d35c01,0.006343113946292955
ck_51440f64f7250ad7,0.08001438679221745
ck_295bca29c34cfe2e,0.05151920149666693
ck_dd30558576b45e7b,0.011096260059365256
ck_3a30132a57181fe3,0.028330074024695968
ck_4a733aeb833406f4,0.009495117881213582
ck_1b0b7c3d35ab1259,0.03148749992944158
ck_962c3bbf27cd4b80,0.08845029842366321
ck_9528e1d6b1707870,0.011436722806671611
ck_b3263e7f31aab45f,0.017386936961218867
ck_e69195a3c885053d,0.0005712074935333518
ck_a907fa8795cd4baf,0.0018451087188846192
ck_205c3405045bd835,0.00612053348376643
ck_e81fc223bed3c46a,0.042062801762783396
ck_363751deae40edfb,0.1142676755389324
ck_6176baea8cbebbb6,0.0033797741288640708
ck_633e6579f5c74a5c,0.8483554904728702
ck_ddc11fc481eef58d,0.014636559969781185
ck_e975002c979e12c7,0.053186123896527354
ck_8e039b23acaaac00,0.02978843174230106
ck_1d6990d94a4d2ad6,0.028185494423346873
ck_e7b583acaa3171a2,0.022643634838959897
ck_c0133f60d39b2fb5,0.014948315400354503
ck_7d6bff85e7a694bc,0.005725525397537703
ck_d305b4d82f63f647,0.0022503107907791797
ck_22bd0fc71f95e048,0.05185919995495199
ck_9a65fcfc7916f93f,0.000657088212280936
ck_d61c837b0106085a,0.03460195726578743
ck_be86a1db08dea456,0.01682605984887576
ck_90489c405e6886d8,0.003493532070274314
ck_0add2c321d579d75,0.029023100297506137
ck_482dea6eed92cbbc,0.003958965064377238
ck_c24b47184534cc2c,0.9955626445843911
ck_fa04ac31e596e7d6,0.07988215443578485
ck_084322dc5a3a86f0,0.006517683710384024
ck_ccb72a33cc1877b7,0.010443255530503704
ck_afaf374009d3b248,0.0073977818821255505
ck_b53084ffede19a8e,0.002948539017705646
ck_4760216154c8cac2,0.3810115539491207
ck_37ad3a65db673e70,0.0017874279375717107
ck_0c2932cc0d553694,0.011409488495363688
ck_86b853c52f20fef5,0.004452496698701073
ck_38703b7546d35a80,0.010665323570503106
ck_218b7e6e6dbd2da0,0.002709083398900705
ck_402db4184982fdf5,0.016483834491772827
ck_f917c82af80e4a79,0.05613414403839142
ck_3c6417a233c68c73,0.037669189114694274
ck_98068c397d70dd3a,0.01964463000079486
ck_b1cbd6679c0f8d95,0.0022029958146912846
ck_9e962f9bb0e7bac2,0.015593668382340376
ck_b08247c3ad567d92,0.34093983155784546
ck_3ef7a03ebb81cfe3,0.0012759515335286997
ck_5d7ae0e3562e99bf,0.060166236628303095
ck_c91a628236baf91b,0.0401664463996706
ck_7f8e816ca51755e3,0.9848105588535119
ck_5aadd286d188f5c3,0.004280007889516792
ck_a037aff5f8128c73,0.0049225463612491156
ck_5df6529ce8290906,0.008372521729137921
ck_5f3609511443e5a8,0.004405632659973954
ck_a6f61864fac3c8fb,0.009592116222946789
ck_2733fc6ba23ae46e,0.020131096880564674
ck_22bfb9246646eb41,0.8447202240442051
ck_bfc2a57d8fd1610c,0.5050370895811477
ck_49839e761d0e74e9,0.007240377332989979
ck_aa4ba931dd37481d,0.004236844514289638
ck_2f9fa0d61829f815,0.015052445354617312
ck_5b82c774df10d49b,0.001098324232225578
ck_411219470d0a195c,0.018879717153542242
ck_d07485ba10514a2d,0.23204945555395007
ck_219bef979ee21bdf,0.0013002560187604171
ck_eb1006e7285184a6,0.035449678873473715
ck_fd242b18575e3063,0.06684878593858819
ck_95188150ff059c70,0.07492320577760012
ck_a9ca2f447b984a6a,0.006584291185127939
ck_2dd39723c4088b64,0.030703801268975633
ck_aa2b4c662ff213b6,0.015356017082799447
ck_1867b1199c864db5,0.03320972882133728
ck_850ec97a5a0dab9a,0.02389626162521906
ck_562320295fa35875,0.009204546276312035
ck_bab5759b07fe2bea,0.0004486959716303377
ck_b9f1465d803e57b2,0.09549385110023899
ck_8f21f2690c32c691,0.06208261516042242
ck_df87d6f61a63eb21,0.004337632444490617
ck_770475876d0e7e6a,0.007963369504946229
ck_b4c014d5c0cc9eb2,0.004982254461145039
ck_3add4d23124c9290,0.00108313191444501
ck_bce5b7fecfb6264d,0.07644499743687384
ck_604c17cb97dc89be,0.07417316071189903
ck_e52cbcd9aafd26b2,0.0033472919958355165
ck_0ac9114076f5bf3d,0.017799791287494916
ck_dcc125b178b79566,0.0028585056923390692
ck_4e333c09f0c37dee,0.05057217665364178
ck_ff7e31ff8ba731e5,0.005495874989555725
ck_8d0532d24f1070d1,0.001780444751976947
ck_3689fa41748a6f6b,0.10673816264986385
ck_7509eb97c1948b16,0.017328514078219753
ck_a9161cf1ca22a6bf,0.004034857800967035
ck_bed3e3db135b782e,0.011555425809588774
ck_9040edd974ef8e3f,0.6780805691707753
ck_fac32d76ed40f683,0.011272395027194168
ck_3d7b1078e2d57c69,0.0012232616613128597
ck_dae09c4e074af5dd,0.018822505008750025
ck_fd84507228467b40,0.07090571999070457
ck_e2a2ce9b8cf44c63,0.015050462416143561
ck_cbe716f351d660d4,0.0035084635495074936
ck_cba4162ef29a6d27,0.013588673729400773
ck_4f1e962ff8a29732,0.002493762430730722
ck_39a81899dded61e4,0.0016608300585115362
ck_25382331551d22a5,0.0492891802736624
ck_6d64e1c07b19856e,0.009354230234625564
ck_165a868bdef28ad3,0.05290851749729375
ck_88774ae52e30e877,0.032278926392756715
ck_fc7a9d0643570053,0.0018840450496378424
ck_c2017120b3b88a46,0.0037461598011220595
ck_d115ac6b9fd62a7e,0.013675770501872657
ck_439cf7d51ec7de0f,0.006720773391840724
ck_2468a7e9e68a0927,0.005460019131296247
ck_7c418947124dee8f,0.05514636671868581
ck_fb0cf32c4a56f740,0.019367230395018527
ck_694eb6c43193afd4,0.004982445313190472
ck_993beb188dd4abb6,0.021446929797170368
ck_77fa39d3b733c226,0.0641556291640158
ck_49969a9abc47cb69,0.02849817311900302
ck_d3f44bbe2f7e9b2d,0.016131726652142537
ck_fcf5b8216d0c18ef,0.0019134507391558894
ck_daefe1e2d2bc362d,0.0027859571496758836
ck_9c9287cb28950eb6,0.02424853735857609
ck_c1d1a625b885a975,0.017400783489345942
ck_71b37fe47490b4ba,0.0024851150726836846
ck_5d16e257c0635f7e,0.41403590611949187
ck_15918075563eb074,0.004208176741427996
ck_9a15fdefc47e8d11,0.043983373164368275
ck_6f04d047d1dde75e,0.0004899233878978865
ck_1af2c0b3b8d202c1,0.005424429751901316
ck_174be2231c5fd2b6,0.0026219807321289142
ck_bb0713a2a1d65982,0.007109963943457468
ck_0daec63bd5b0729d,0.012762778372237554
ck_c0b5cc3e8ad2ff44,0.013784879481627437
ck_35bee1fc12664644,0.24346285603788406
ck_a1c7cf63467df4c2,0.00211550699296276
ck_ecb1e15f0b185ceb,0.044106867742496295
ck_f280d31f54a4710a,0.030327294155508416
ck_30f4b2ee8abe1342,0.051152781128592
ck_66bed631354de5b7,0.0015025243500306324
ck_c2d3ecd7278eba2c,0.002935888374086618
ck_e901dec0e09eccbb,0.0057263541063310025
ck_5d038ecb3c8748a3,0.007536513435347155
ck_283c5bea94b21e80,0.0030606030717953603
ck_7956c251b85f009e,0.858732874927948
ck_9f5f81d771146aa1,0.0011904875067738879
ck_9323e6fc1e168eda,0.7663762774275164
ck_10495d3a635b8d69,0.07500784811983312
ck_1982d571cd36eb0c,0.01220754193409156
ck_4f5d7985bcc2eda4,0.003117513792111744
ck_7df526b2b4410bb4,0.042204996550054975
ck_dbb498b1a346a402,0.0009172169745133086
ck_ef059997563e3330,0.004257990774282272
ck_02ec4e06709e6b82,0.0016975443795857064
ck_9782c86ba6485f88,0.002084078356226335
ck_d69de468b44143ca,0.005440744988145682
ck_6430a8792f400e0a,0.0035377221904524
ck_8285bd3c90af94f6,0.016589275076071087
ck_985c9ca112000e9a,0.036853787255216104
ck_e679fbf4f4f4aa07,0.018783248282899376
ck_016e8c8eaf9d511b,0.036048473289448796
ck_bc996c523944644b,0.025568905403434285
ck_5b8315726f6204e0,0.00826141021669493
ck_78181f8e998e442f,0.0006084643998702363
ck_71c68dfd011dbbbe,0.7801494620249964
ck_db32c95ce2b6f502,0.9047124191287987
ck_755010362a9b1bc4,0.006947701969712481
ck_114141d85256c9ff,0.001165344696369913
ck_9d1a5cf5a3b87e48,0.015093904801325329
ck_ab640420858ab5c4,0.14670396875638042
ck_97a8dac48dd62488,0.32860807418890453
ck_879cc3166fe1bada,0.0011125184478197516
ck_b0ed11080076e381,0.0015521781291109322
ck_7334a9ec656263b2,0.002755198519546868
ck_6494f0ef13ce44d9,0.008527729193675648
ck_724e459b9ece38f4,0.04421564619794779
ck_7fd8b1470401695f,0.5067772737160614
ck_292f81186358b0fa,0.006499526700801455
ck_fa7de64d37287615,0.02977455387207208
ck_d00e09e66ed6458b,0.05478105310824176
ck_b8d210e741be186e,0.0019353802772090257
ck_3db59982cbae4410,0.009110868864053542
ck_69887d0a9aaca6df,0.0012126046988704985
ck_4feb21e2fb0b3977,0.0022268071047942084
ck_08c6cc1e143475e3,0.007199684860457415
ck_fe6e168cdbb46b9a,0.12093998168650819
ck_07f1734be7fac56a,0.04164980536123301
ck_d66d59981307db93,0.01973482499981584
ck_f928dba0d587d7c1,0.0012171603449082024
ck_786448fe3004cbd0,0.0016218558267709487
ck_29ea329fa40ace62,0.013034671494326069
ck_7ea52b6f27edcb73,0.02174610644966107
ck_18bc51bbf3ef198e,0.038518703203440204
ck_44950df09ff14ded,0.005292697310788678
ck_c1466b52c0a10b93,0.04269246790603117
ck_6cdac067cc4db5c5,0.042139619451885546
ck_53f55c6e8cf2d432,0.0014582793056028473
ck_95945f48453ca532,0.05617961937930121
ck_87cce4126e215153,0.012555749451380958
ck_1ecd5516c92caa4f,0.0005675613397530385
ck_819b482bca14c068,0.35166733949692547
ck_a61a879dd46fc9f2,0.008064075827761277
ck_af70aa32c009c3c9,0.012674222237183567
ck_f4fe78e249092ab1,0.036873984373411946
ck_12c46bc52bf45b36,0.023804791147500223
ck_f05f5e4b40afa52f,0.03567264325277424
ck_0f8cb09d3f4fc980,0.2921029287909083
ck_80a64a7f0275a71d,0.004105030176283689
ck_683af7b1540a0b22,0.012237152958682948
ck_51fe0b613c076cbe,0.002430323007672934
ck_da1a2450219dcf19,0.02502561163211316
ck_2a7eba01ceba6c2c,0.021662862597996137
ck_4e329e29dfa743ea,0.3427446707850842
ck_0274d881d6db82c8,0.00542837902701829
ck_0af5b7d128035b35,0.004944019190346963
ck_ae0a7be6b0a0ea68,0.013284491011474874
ck_de5bb7a4d091386d,0.13183215815612953
ck_2bb7c17168a9d17d,0.061719753730000305
ck_0ffdff7b2f5fdfe4,0.005716424884521195
ck_718a8390b3d42d7d,0.005508896943821475
ck_7c4f12d70f184533,0.0008399139293261006
ck_d3e2c26b8adff099,0.020444127780355013
ck_ac9d3d9754104cf0,0.002827832895976521
ck_3b1766a1d51f8f0e,0.2494744295202536
ck_a9bf75bea912027b,0.03275969460405499
ck_687eab3ffe1f8cfa,0.026430127337021398
ck_25dd0b02af5b2f37,0.06368239655651022
ck_1747fcc466f0ae38,0.0013812767657650706
ck_f6e9d14dfb6f3c28,0.05058113199310612
ck_c6a7bbd0adc4d5f3,0.03270303601323025
ck_46656a23f4456d22,0.6252987173949106
ck_7519260415c2998e,0.005702712962822986
ck_754f30ea19df857c,0.03339936525197966
ck_ba88a244d5f7380f,0.01785581803333279
ck_f268416945316815,0.006903032981607163
ck_21860dd2159dff28,0.001655640062365685
ck_7a86ef4e2beaec38,0.0006729905660386985
ck_0414507baeea936a,0.01339581386800464
ck_60796eb60fc3043e,0.006181920702167601
ck_1e0841ed17fe0562,0.011921183162780163
ck_0d641d32658d6e0f,0.0030354790907973343
ck_b36086ae6d87eec1,0.0070607417851928905
ck_962e65ab33b5c311,0.937234805228417
ck_b046a42684468e63,0.013293837089427073
ck_ab3426435b0017d6,0.013987840712848455
ck_fcfe06e44d09a344,0.00808328029646679
ck_0f6d916c92189516,0.010267456353350543
ck_d4c8f0d957c3965d,0.03209355579876978
ck_2ca83dbd728af019,0.004221270370010349
ck_2857a4ce9f72fbfa,0.00044908523119045627
ck_a60e6edc48e3d0ac,0.31844137318308163
ck_0cbd3b27063d4415,0.12897026444603085
ck_612089ec90c37219,0.011386555494768164
ck_ec4e597f17f473c6,0.0035418618228564834
ck_1c93cc58f314bf71,0.04246497534992217
ck_2b359a979520276e,0.0024780402253263435
ck_1496568ddc3b2d56,0.01693096027384818
ck_41d91dc9f5063566,0.006954289493695154
ck_4c5ff58afe3d7a67,0.003457014276179666
ck_81709736281fa3eb,0.0018208693678645705
ck_d89abbab3d4957aa,0.009900953986636905
ck_52453401f88935da,0.031341325518034646
ck_a477654d34783e06,0.0024042190609189222
ck_72dd0dbdf808cb00,0.016076568579771647
ck_c183dff3781746cb,0.14726067150899733
ck_c8b7f241810b45e5,0.0019127958246010009
ck_f88028c3f306bc70,0.03173695463193377
ck_91d48d69e4f5d9c2,0.004064693602677572
ck_b74b9ba6d7c9aab7,0.08791815032760232
ck_03e904682dc73bba,0.006939231059993963
ck_fc6fed6ea96a004a,0.016159506653293042
ck_51efdd240e34c642,0.06856483384911152
ck_e78ab4ff52b5fd2d,0.009894132129832691
ck_4af7b97c24d89a45,0.038687044734499694
ck_295c0072eca7f7a2,0.008732879393493254
ck_8abd1a50a9227463,0.008240163539181042
ck_ecaa6f13304e3dc5,0.001708987474217032
ck_de436e7b319be1fa,0.9942925896162644
ck_c802cf8f61466027,0.0024744409873363417
ck_3d83e0a3c1cfbf8b,0.009499531783257669
ck_28d2003c2d16e4b6,0.0025746855216628724
ck_8ddaf745bbb9cd62,0.0017838232005459806
ck_493b6256091014cd,0.03902344580411731
ck_a2245822cfea997d,0.00296755353835853
ck_f7305b3c64cf8a03,0.02532031614526814
ck_9937dad93a0ed3c1,0.005106551795832275
ck_d654449f9231ad76,0.0024615642378788462
ck_850e2b59bc535490,0.03243238374301094
ck_e55e5bdfc0242aef,0.030725285351284697
ck_d35c51e981b98c5c,0.010928900817853172
ck_27cdf9c5e6f0915b,0.014248488631039122
ck_d328db1e1052d820,0.010623999627101584
ck_0ea30eff5f361cba,0.010307249826232715
ck_9994323f97109f4b,0.9867011489777715
ck_09054e97bdf9624e,0.0014912319450371002
ck_723b4afc388113c8,0.007010542875531011
ck_588f6e6a6a6d93e8,0.027033791979084936
ck_e1d563fab4d6116a,0.015132196703792056
ck_53aca610e20598bc,0.00933057888880851
ck_c8131ddc7ed33448,0.014001914271976614
ck_899f88464305824a,0.005244911797478786
ck_1c17c65804f8889e,0.004759743517870436
ck_45a16ce12893cf9b,0.013926353550062071
ck_f9d481aa4f9b2808,0.34671996757859774
ck_1d5d74169cf892ef,0.02548302099882247
ck_aba32acb61c1aaca,0.03220817887045443
ck_ec4dd3675a8d28cc,0.007997007553557584
ck_5dcd443fe0bbdeac,0.0014342017823084504
ck_3a47e3f54475e854,0.0020520021202571127
ck_a9aa5c344c315532,0.008160821564282154
ck_9652283c9f61fcec,0.0012549547595528628
ck_752dd3d2487f78ea,0.008114394684336614
ck_a821980ac4db9943,0.4623701647357205
ck_93e0d6befb67f7a1,0.033161891728542704
ck_e7a3881c3e36bd51,0.136485135106007
ck_12631b78f8a03df2,0.0007662801050676583
ck_57b8226610b48854,0.0035177595583586693
ck_352657008983fd4b,0.053589375595243696
ck_0841a5c24fd3dd28,0.02328720542212829
ck_db9b9d5d30f74070,0.05348650643013722
ck_a9dded7f6294e44f,0.032279482611773797
ck_91a16336ce3217dc,0.014613369416627957
ck_371bd9388b287677,0.001698339013702703
ck_f285e5e1912a7c62,0.002537558102766749
ck_368b65fca69fc415,0.04256162478306332
ck_d27a73596b6500c2,0.011891427741229792
ck_2d963f9b2c4d11e1,0.03849358930799285
ck_7c500e219af39486,0.006024640380325219
ck_7d025dea5951cba7,0.005017271054560607
ck_32f632706608859e,0.0022012378548106485
ck_53816231f3ffb48d,0.00891204758777052
ck_9dbe184e81c1ca8d,0.1438516643086377
ck_d74123617f22a21e,0.011219986090319921
ck_275386782b1606f8,0.004931400835798315
ck_0b0e79d33e50cba5,0.0021449620231008895
ck_ba93cb604f792915,0.04624345587528507
ck_a86cd653472eccbc,0.007362983023870467
ck_87771861e0447210,0.15665839001973209
ck_212380e0371d8a6d,0.010821831024980999
ck_ef0d702d7b0ed745,0.002301816898040931
ck_2b8f33e22f939372,0.6582763808230496
ck_480347ad92037105,0.027128953448478297
ck_20124c3a16c53ce4,0.006303118770709674
ck_c9e1e3229baae708,0.012856283691256899
ck_b1befe967f7a5ebf,0.04889061883909488
ck_4672167d7c989bbf,0.07467903476782926
ck_f0c44ee5e3a42e3d,0.010700204842348827
ck_c416357d20238a4e,0.007345856359138891
ck_d0f470f8078c91df,0.024690711461631334
ck_3a70b4ee59084715,0.007880856653733758
ck_179ed66cdfc1ce27,0.0018469578373849762
ck_387e5a7f163c7837,0.013527821247312725
ck_08fb463e69f647c8,0.9901133961071219
ck_732f725747393ec8,0.030966762788579502
ck_7cc5e0fa3ca5a713,0.007210545657797878
ck_ad4a4daa826ac68b,0.08670893593943
ck_472e0be7a3b533bb,0.026443170249226832
ck_7190177963eafdd9,0.00502760675538991
ck_647ac26c5900f082,0.006406987686934855
ck_272ae2179bbd8e58,0.0058869694974089904
ck_09b0d8af304646bd,0.0007177036897451853
ck_ca0cc8ea9f344408,0.011894678564626395
ck_332ad134fb909869,0.012707965652816677
ck_fca2798914627dc8,0.054998980220769655
ck_4450b55f462ae134,0.008683668588957133
ck_d67d9dfb60b286b9,0.0018975806365296223
ck_a9d2bb4f2bde7052,0.001525029920206286
ck_929bcae878a3ecb3,0.42726740113637307
ck_59a9e000fa275e1f,0.015906483258536667
ck_57f17254e2688637,0.022565048345187497
ck_0508908697f60ce3,0.13673703019060857
ck_946afc2943298d26,0.0027247522353069484
ck_7176d12b18f2cc0e,0.015403162338876696
ck_5c47b49c26cce286,0.041981308277938535
ck_b6a2bdb2d335e1d0,0.9965717325343275
ck_1d58f6caaa4d012c,0.012636769066744918
ck_71c917295020ccc7,0.004509443196413992
ck_bc89644ae3688995,0.006653541916908365
ck_e7c212f16d6df272,0.012230032246536173
ck_c6d2e11a368184e6,0.0021384368854306672
ck_eed7f1f7548df15b,0.0037803437816367326
ck_75b69034000ca7bb,0.04806387169875175
ck_38da3bf629458682,0.001262800008200897
ck_90114c891239d821,0.002933437980606636
ck_8ee08f6777cc155b,0.021925327463249315
ck_bd86132499defcd0,0.01376585381005232
ck_b95fbf2b5640aa82,0.0042699487623520235
ck_c530235393360e3b,0.010521993053341307
ck_be52a7ec43241ba4,0.021222893328391973
ck_d96eb3cc55f2772f,0.008251229449084446
ck_dd34f0a844fb115d,0.08505443486190153
ck_17cc7b411f448e66,0.03018427052063745
ck_856ea65fa27d06dd,0.03916766903644223
ck_056d5f0301c30902,0.06538470440461658
ck_e662b14b2bab23a2,0.08848655463264189
ck_209f574c8d92274e,0.008354395851835178
ck_62720b81617896cc,0.0072504770649570996
ck_041614694b77e599,0.005855764490030334
ck_461e3f7b97db8d16,0.024065445189931794
ck_1b74b798eebeabdc,0.013555565164322735
ck_0ed2739384f1d644,0.006837344587675
ck_5a4d19f1b83feeb8,0.004411767683582159
ck_463937167965a1f8,0.03450220040850001
ck_9d7151dbdf100e0e,0.0282221745980498
ck_20a7d1ce6cc27312,0.003550989773818992
ck_6031211ff118cf0f,0.0024091925328063677
ck_a6fc92aa91e99b77,0.9916026048875605
ck_0aaaa9d2f75a0518,0.014726371055885977
ck_ec26e327cc1848b2,0.004259546603490489
ck_0e6bebf8ae9b9b03,0.020475876058012363
ck_e107537a4cb738f4,0.0015031278015632994
ck_e8ea56e122a5a487,0.01865264133219703
ck_98149ed45d38c4d3,0.022840334906293922
ck_0e719b3a6906b8f1,0.0004498676499565667
ck_0c6e7bd357e4a348,0.0009736516609634666
ck_d3b2b250da61db19,0.8723754712817026
ck_8bb6b0a292754576,0.08086816138048471
ck_87d70f5fe48a6128,0.02846855261834692
ck_ea9edf9c107d429f,0.010830265748990823
ck_059806c52cebe4f1,0.18560133259306183
ck_a72d6df666e1c21c,0.00641510772932435
ck_1d2b80ab6c4944b9,0.007770786690920392
ck_60557f077abc42ca,0.07316661598315348
ck_e5f5cb7dd6ce4a37,0.042541371609559515
ck_4c4a939154446053,0.0036825154097608072
ck_50ede3eb561a202c,0.018007321973179186
ck_6d03a542922b2ae8,0.013184863996636221
ck_d6fe761ed0db3270,0.014073872460842157
ck_7f0cd6ea3096f985,0.008978542976858938
ck_23edb6d938a3b87b,0.0046434177956443294
ck_799aaf9f2b9ef621,0.012493658010241401
ck_f8f6a03613b6dda8,0.0021707151351715386
ck_7cffb189f4f514ec,0.9874866586447693
ck_c081e1967dcd811f,0.024914892822525726
ck_583d6ca78c97d91e,0.4471923667148298
ck_9332bbc7125219a7,0.008309523680813008
ck_956b5af6d7d86c65,0.559461694938396
ck_2d634e3f24681c0f,0.034320759884210246
ck_7b35d218ed0c5a60,0.006873017546155123
ck_ca5b1057f8248f73,0.030997884225328277
ck_ec5ea81cf813597c,0.03182954064185883
ck_eaebaf4d28400fb8,0.02207545657707857
ck_ae2ab6be219219aa,0.006663898947054967
ck_d99a8b4c820eb46b,0.005301717467456561
ck_bcfb7ffb7cd428bd,0.018121133043292135
ck_3dd542c2d31be2c0,0.0075502935791956745
ck_c7dd84401e29a7fc,0.0008390733097093031
ck_c4bcc7cefd40f8e2,0.0021081652923946106
ck_c251898b5d51e3b0,0.015491192238654463
ck_36d37be780c1291c,0.0007045846185481878
ck_99b4f266b61ae7ee,0.02115483108246002
ck_c37f03995f0f0169,0.002003460195470682
ck_65a23ac8e44eb901,0.0027343526287881017
ck_644b1c1149eea9e0,0.022192882035155667
ck_9cf44eb0237c2429,0.004815469732646514
ck_20541686a94fb71c,0.0463833544983469
ck_c18245be844680f3,0.0034479056901295757
ck_56de216eda6b7fa6,0.0010839503746083643
ck_406c4442dee45cd1,0.0017564116856393244
ck_df1585c7d72a96e0,0.0030099494730706396
ck_b8e8dba20676d87b,0.023949165275458532
ck_0ee6965e68efc177,0.018632235245084
ck_c2a5c54ad8d0d297,0.007873272938513679
ck_bf6fb7e6470e95cb,0.000819084098840899
ck_27fa694569140345,0.0009627302975651014
ck_e04166b0ce66393a,0.002682486343898122
ck_8742114f4f0cb22c,0.04167942243372257
ck_6eceeafd56b42576,0.15730653538445027
ck_34f9951b0eca1965,0.02736747307557748
ck_384ccecd342a24ad,0.0010141623522219496
ck_49c98bebd1338879,0.0007753607305408517
ck_6c26c12071c91ff6,0.004538871191379945
ck_01e5986ebb9a78f1,0.02298466621444944
ck_121db7ba3be29ee8,0.010738417435377106
ck_039e6d5a330cea1a,0.0628174861094511
ck_ae8c9163cf957d7e,0.03531314548264831
ck_3f5e8f3f1df0c8c7,0.10644394828172665
ck_b1c51fdafcd80122,0.02835472907754753
ck_12e2b5ebfe8986b2,0.002700134503517538
ck_d55eb81a4d543c59,0.018702989548862008
ck_f85155ca5c312c7b,0.010788135789915648
ck_133d8a1ac7c0e301,0.9853525141665518
ck_04212a9bb9b28696,0.9984886280892191
ck_4cc11c7d3ca61f73,0.004620842478186233
ck_2df4854186ec515b,0.01617701470262194
ck_aa9b28e7fc43af79,0.7421397435634293
ck_47cad6c3def4c9e4,0.002394745785961852
ck_fbff7b5da8111567,0.0075231715472611855
ck_bd25ea782e375b22,0.037695421387343726
ck_7989376f8cf64a9d,0.008456073719484857
ck_675c0ca1ebb1051c,0.0009698155630922771
ck_1436f6e11d4008f9,0.02028799434786053
ck_812cb3a4482cc618,0.012840833040900093
ck_6e606f73a1094afd,0.005655038259373699
ck_1b708e2a4a0584dd,0.008134743218349614
ck_a60d6b324bae0330,0.012342598993238979
ck_706a4f673a9fda3b,0.6191996601536813
ck_a75ece9a9044eed0,0.003334727569871333
ck_9aa45c4e03c8c57a,0.015380190577730813
ck_9fe9bdce982b312c,0.07183379793354885
ck_c6fbdc5ba68a8466,0.010177546562926897
ck_ed0cc1b1c28f9511,0.05683956324103087
ck_a4e2607b4c8021e8,0.0006333451122869741
ck_e02f93f51cc8caf3,0.0028032595031825076
ck_7084ed3cf20781b7,0.03392082377804621
ck_cd4c63155570d6ea,0.0029502948757429885
ck_d1b9e5d32d2d789f,0.0035230151195642235
ck_68f56f6560a7a933,0.0008580918631133974
ck_8bedacc6233c6269,0.020775272090148504
ck_ab7cb50407d6b13e,0.06192733186468177
ck_f17ed7e0fd687742,0.05962355380911089
ck_b0fe4b92fc70f72c,0.00257788937460743
ck_84d62b8196da2452,0.017213185962580667
ck_9e298cae167f4693,0.0019096694668224552
ck_405b20ef9ad0ba5f,0.15549518543488478
ck_813e02e1ababd177,0.011768406837982475
ck_f234ab47061ba7c0,0.0012315253988227541
ck_22b587c18363899a,0.007056087289572567
ck_4e862c2f48c38aeb,0.03983334655983022
ck_b89cb90a420c9075,0.010322901915816541
ck_be2251640f27a3c9,0.22242033219723398
ck_46bec0bff167ed3f,0.025257841764787316
ck_c0032232c2868328,0.005402612153579771
ck_030cf09525dba4ba,0.003478885690547935
ck_6ecf56236789fc09,0.960449288525259
ck_38d4ed52cbe6d123,0.02613388021597333
ck_2d923d957ffd4d53,0.008105220555457909
ck_3af1eb88728ed8c7,0.02344097705980776
ck_2f8120ca80a1592c,0.011010135074618009
ck_6cabb1a133f0b151,0.015199680186675536
ck_bb6cf7e7b707731d,0.8708110411741236
ck_c8307fecafa90140,0.008603771356971497
ck_75f968be67f46d24,0.03559008947768458
ck_df6fe4ec5a233213,0.0033787453999390474
ck_b53e88c0e927d896,0.0010564129234407538
ck_f0093064aa28f4d0,0.023952402248160566
ck_ec9976cabc63ff92,0.004214465336629644
ck_30dac0a58c5590cb,0.08943798839595324
ck_348a525791ae6475,0.04752019187264114
ck_b898d912d1181ef9,0.023637629631553855
ck_f5b1200dc6f95760,0.02192790997644361
ck_54978a073e7a0b1a,0.010355351461168515
ck_55933936536a4071,0.01649947453795361
ck_d6ba7ffd2ae08863,0.009944293520717936
ck_404e2217fd87fdd2,0.0014481624893344664
ck_dfaafdaefa5716b6,0.045026659389613435
ck_556c62e92d4e7e5b,0.0543344718660679
ck_7ce44f4e06d58111,0.20138181257310192
ck_465cb8ce232c7670,0.008899765170314886
ck_237508ca4fb37268,0.05093253867862593
ck_ba4a6b9aa63964ef,0.012875148562423602
ck_4802a0a7a1882c88,0.22781419039781062
ck_9478dfe4114c30f6,0.0010708056486278426
ck_5138f6c575dec64c,0.010790645550395628
ck_aebb42afe430e2e9,0.005417365930945492
ck_004efa95555437e9,0.0049649790529070975
ck_11af112667c98394,0.007259054426218439
ck_44e9a18a8645c9d3,0.0034337257927366015
ck_2605fd571219e28d,0.0005468290806237648
ck_dfc933493561d84f,0.006519083093790008
ck_67674348e68d1f25,0.004840781930045319
ck_dd97429277a2fa00,0.058688159114469715
ck_d3eab7a06eb48348,0.040364263152635735
ck_0b9fcff9667ec05a,0.005333866866651613
ck_fc4bfd6e739bddea,0.0018614368143477274
ck_43292f70a03ddf2b,0.023034613994878318
ck_5ff6108056a3fef5,0.007311524852834004
ck_767e0be086b5f601,0.05208787931246057
ck_b8465b1a5666155b,0.026350413623932947
ck_ab2e3fc56f5b3aae,0.03914316328549159
ck_1833c81d693c1e07,0.9254197304912635
ck_0308e0602b856445,0.002260885513221617
ck_ccbdfe744acff8bb,0.011825337925573444
ck_b294aa27a0b586d7,0.0028072535037325453
ck_a3747201f377626d,0.9882562367527153
ck_edde1d7d1db24725,0.0208751717565342
ck_ae3b47d6e1063704,0.007483418610000447
ck_3aabf5e0f4defb41,0.004695669246391699
ck_f034adb57391f3d7,0.05554755013328683
ck_533672fb40531607,0.1848267133834648
ck_2a244f1ae08ef83c,0.036224225989006
ck_a35d81bcc54ece2f,0.016119522833422655
ck_78a61215675b38f0,0.017397946331106046
ck_e013d88ea7939616,0.01287252290980371
ck_e5018f9418e0102e,0.03306586780184944
ck_d4e024fcda401a31,0.0034955703797134936
ck_f736cffbdb82db34,0.0005790822897942948
ck_1507f5aa50cdf3a0,0.00974788087293084
ck_18270fee7c8fcee8,0.0011055090097899587
ck_95ffa1a805a1c9d1,0.0034861124461066486
ck_11132d245b94d045,0.0053876733517734254
ck_7b93a622e40d8b14,0.028168535560158834
ck_3854c08d17704347,0.030660700129187115
ck_7717fcb100dc4b5f,0.02700057619187634
ck_ba54e0a1c328119b,0.5527287353196615
ck_a7afdac4ecbf2de4,0.8590668892224901
ck_ecfb771ed2352085,0.012780023461953631
ck_68be4fefc85a6b64,0.408634655880365
ck_dac7c50bd6d0148f,0.013107433837331007
ck_87cf36a03bd63c24,0.18321259109373547
ck_8adb40b168b59d7c,0.03152618349400909
ck_8d2f62930777416b,0.04775927745767598
ck_9958b58da9e3c21c,0.011420775759567256
ck_9440335375701f44,0.016233296595854305
ck_e2f88e202b6f700a,0.022472451177279463
ck_4c7c50684827a2cf,0.004957531990528368
ck_8a6ea4a79b1c7a8e,0.007992443149128961
ck_186dbff4b24a3bbf,0.19924866831601867
ck_220fda3c11c59b6c,0.17323818055636525
ck_3acccc69f8b1fd14,0.010574795293095634
ck_9de191bf79afd676,0.010893809763775313
ck_6de6b1663f9457f4,0.0019361075082890338
ck_062754f8b79b86e5,0.004955878095672669
ck_aa153a89a52f7eb5,0.02831139639624936
ck_34a6bd3be642f15c,0.00919475037142972
ck_9371c700d9830326,0.013482350171457642
ck_a99e0c258ad7576b,0.003751497816228597
ck_0a7ba51d626e932a,0.03723127004126537
ck_852c50bbba1ead13,0.208582854382002
ck_43dc13b6b6d31297,0.10159497391999776
ck_7d81b59d615a6649,0.057565714014363854
ck_39a3f1da060e88bf,0.01174798969883711
ck_6fb2d142c09ed3ed,0.02464933809978669
ck_6e5752b87324b58c,0.012245701809304439
ck_9441d48a12e8a4bf,0.10119370951704056
ck_09e9c51eb538b255,0.018749744626158655
ck_8d0cd981ed3a183a,0.010624809200114174
ck_57c07c45269ca8c0,0.0027390147081261377
ck_ccfc9ab888ba933d,0.03540211798361669
ck_9658a6ef471053f0,0.006450640124064736
ck_dac3852758f4ea89,0.0023829402223224114
ck_b1ed2278f5f14d82,0.017744834913323584
ck_333544d173524f70,0.11199774280079322
ck_fd4582e3853ef23f,0.010694349558720097
ck_614d936cef98db04,0.0039272959375037915
ck_6bc351a3d57aac54,0.007043369204943659
ck_af5842fa7202ff25,0.008607888089184893
ck_81307759252571be,0.010767742021043036
ck_b4d2f02d2cd45720,0.22603736320184067
ck_1bd753a4681946c8,0.9719872464895257
ck_46d8c029d46867b2,0.007340077312111233
ck_b7da6640fa2f49cf,0.43038319151532334
ck_9ea3d5a5a91fef9f,0.10136838832614856
ck_7b922518f667f76a,0.0007639664851440876
ck_2a5b31594206eb30,0.6318799654208334
ck_d9506476ad3f9e08,0.006396258243637687
ck_c8791f7ebd4d93c7,0.027564201066154252
ck_b5a3e20fd210017d,0.0068280051861715615
ck_8e54386f4fe22cad,0.010450231754780452
ck_75296704f5806f56,0.018647557560187895
ck_0fbbc7a6af300368,0.0018410862205582332
ck_d19bf4dc0627113d,0.005110592754667049
ck_7951bd4eb99a0175,0.001666356865662198
ck_059e4fac6b7f704e,0.005942669619337184
ck_2ce8931af02a2ce3,0.00407460252407639
ck_9e665618a4860306,0.0022376429228674103
ck_6fce5a893613fd2c,0.00022839898055425904
ck_9e3fbd04e3532f32,0.1646341899164472
ck_55f2ef0de3420e3e,0.03777034747355252
ck_8d87658a6f5d204c,0.4271622787793488
ck_6d6ac1f5dd882aa5,0.0010626465380877371
ck_55d0c7012d7ef236,0.02286747617458839
ck_7738eb085e5753d6,0.006003630109425013
ck_0e6e05c3cc8c8242,0.014035522979798059
ck_8d27ff8383d48132,0.004509091500065
ck_9afc3bb849f3a64d,0.013832971198066018
ck_27eb86a9898cdfe3,0.004131474629219666
ck_1d40e4fc541abe93,0.1440226888578168
ck_4fd9dc00e1913587,0.9898690678784395
ck_b26cdb2b7b165d2e,0.13593868291541214
ck_a79a27767a02e31f,0.010173562266446657
ck_f0c18cb9f951a71e,0.006621587050148321
ck_50460e0189de6274,0.9079288879776302
ck_5e5280539257c986,0.0037098301878303176
ck_eeb854318b3a6f0a,0.006461014964314227
ck_943f66f28dd24750,0.0007067526149403536
ck_984dd7452aee372d,0.05635565378800936
ck_ecaa6de0aca5e9a0,0.05481642349994035
ck_8f1cbc432e2774f8,0.07531476767997915
ck_d91d9f8445b9769a,0.29677657923908596
ck_73c18e03e3c7612e,0.001965975599454208
ck_aded05ada490da20,0.007960723367903433
ck_f744e208183971f8,0.00044749683794076633
ck_02d4cef6358ad3b7,0.0078590866220716
ck_08ff5bd467226a5f,0.0012207201377165808
ck_f824b326d5089885,0.1426461996604275
ck_3420f2fd520890f3,0.0649934874256873
ck_1838cf8d00f5b1e1,0.011158625684957754
ck_a85182ad90b6f1e1,0.0013596762524199905
ck_fecb39c82c43e76d,0.00691815570737712
ck_162513e73782929f,0.04475586428525876
ck_2c27b77c59d8f23b,0.05353076890397682
ck_4221e07b17388fd3,0.08666688905932114
ck_adfb8472d5c3d669,0.02392785012736614
ck_0742fe64055d686f,0.0014089502934748778
ck_5060aefcc8b6f958,0.020589344933197692
ck_643f549b4ac78a26,0.19867107017146557
ck_dba767885bd6ad69,0.004606613111100487
ck_0dda35c0c64c7073,0.9848154357080143
ck_38ea56d43afa5660,0.008122350999772286
ck_d813e15ac91f487c,0.11084402382786614
ck_4c840e5585a7b167,0.184292895280143
ck_cb8551453a7bb929,0.013665888930463202
ck_05a00b1dd5a03359,0.003472942056326037
ck_837cc7fd48453a01,0.013555146439807859
ck_49dd816b31fba6b6,0.6391105480663023
ck_86a61d9a39768e87,0.018261744353219884
ck_cd0e76f0e7bb38cc,0.03208021244485349
ck_dbe58392635133ca,0.018097917629041668
ck_3caec7dd6f8d02c9,0.02645244287803332
ck_bfd9bfc5b6ab4a54,0.08275562650910162
ck_2103399bdb2898a6,0.010936178196251013
ck_329f7de7279e74c5,0.004359402247812807
ck_9bf0d28119fc42c8,0.02281067960380457
ck_f781539b1042dc83,0.0037670243570012037
ck_9986c7d781ac6b4e,0.004430130695403311
ck_a627734880aca848,0.00037105767406946186
ck_2106e509d77fdb4a,0.5478303933594298
ck_420d1a9c604293ce,0.011812946613058293
ck_fce0610c527e2b56,0.01762854603531858
ck_073da541ec3f9d3d,0.01137319652540035
ck_aa5f3ab48c17fed8,0.1779657786705452
ck_0fc1086e1c9e04b6,0.007993641572229666
ck_5c33bb46c1a5945b,0.01755309327033696
ck_500948a8d4bd8e13,0.017634667000687533
ck_19becd44f2c3d2b5,0.05582315621002664
ck_7d0fe77dd5ddb656,0.009823866780811477
ck_f158d9e5f101bb35,0.009293667234400782
ck_cdd7c77823c2257f,0.08360435343831224
ck_6c7b41374f9b2e55,0.008942146638265208
ck_417090dbffb1a63c,0.015108448619306629
ck_dd0e17605f970319,0.0024511345152427853
ck_3646515079e6be55,0.0048278030298803615
ck_89c8b06aa8c84b2d,0.03891020867862938
ck_e4d6dedd97233c07,0.03465191802575654
ck_bc82fb1895fddde5,0.002526654130671154
ck_88a8b1d442ca3686,0.01709926695722326
ck_5791f8f76a629a4f,0.09093908623926487
ck_9cf5e88e97c8c7ea,0.021775388377186643
ck_58fd684aa5a6f289,6.999731779006213e-05
ck_9800c21dfbd8e811,0.010811295246253327
ck_8ae64df60ab6ccda,0.015177969310636502
ck_e535fb0f0c00418d,0.059318032580020504
ck_48011996d54855ac,0.42066827991361466
ck_ac79c72a8fe3fdef,0.05583905656421508
ck_b8cc2df5192bc49b,0.021343321126447833
ck_e96a5e1f08f8a867,0.0031213118812384306
ck_84df6770549e43fa,0.001836499960252023
ck_e5f7b99ba6ec5767,0.016098140385832557
ck_8347455ab53ff620,0.003544542743250311
ck_a84f2cdf695a71d6,0.006506602913445262
ck_90456160115f9ef4,0.007268069667941263
ck_ebd178b3f3a9c50c,0.01482481531606282
ck_e1140be6157bacbe,0.003856255895106339
ck_744ffc11d32b96bc,0.005505690630840857
ck_e12a9f7d027e3387,0.0023361031345076355
ck_cbe525da0b69f18a,0.007333885139515985
ck_aa59702537557ff1,0.06985910026668134
ck_0348cc6908f7f3af,0.0018805967248082865
ck_120e995d50956bee,0.0996506440470386
ck_9fcde1ff46cbbea5,0.0014090029769182684
ck_54b0b070689c50d6,0.0016890398835223625
ck_966a167758fddfd4,0.05221675779911865
ck_d5194f2e92fd6427,0.01311520960586555
ck_2ee84f3fa27f2cb8,0.001879752559677379
ck_57d0a7eb7eae2eaf,0.05873361622549207
ck_6a2c4edd82e10969,0.0006232538396598994
ck_96e4d38ef670eaff,0.006394923581061975
ck_52cc2fd5095b169d,0.006912618634508916
ck_4b088920f3a844c1,0.03447954749577827
ck_8f3ccbd20d59f1f4,0.00309066857775381
ck_e5e5dc431bed6f9d,0.004371696638106844
ck_e8b5bfa6838e28d1,0.010420650886109342
ck_4bfeb78b47b7c6a1,0.07797254435200236
ck_a705c61bd679496f,0.014625488768419386
ck_731869a0c39cb2fe,0.03285249849505729
ck_259eb102342057ea,0.003943235409316309
ck_47a6005fabc33551,0.004267229631423392
ck_682262b455a9edd4,0.0005873881084342108
ck_e839d104854945f0,0.005215130717614435
ck_761989aa4c47d746,0.01617584501160057
ck_44211dc210139ed3,0.026570230889691772
ck_9915ceedf63a5289,0.11705362395392914
ck_da59ab47cb6284ad,0.0018470796327495695
ck_e5cdbfcca2456652,0.0010729904703640086
ck_13f2560c6a1ec62f,0.031116777079166904
ck_a0543e9b3abe1001,0.04794495853020041
ck_11c7a58e09e6547b,0.01568488178393176
ck_69587a134d43a4ad,0.08282817992655958
ck_28dc0de0ae291f37,0.012893496523878702
ck_298922703c5bbe05,0.06486913473765764
ck_fa5ba9ed9ed6a343,0.04079438233310059
ck_c08e64d424e56c05,0.015505285322972935
ck_598e036a28262aeb,0.054837017486172146
ck_3f7c870510083a51,0.019450106196623237
ck_364f8203a3e98d36,0.5438394215539033
ck_7333cedb61506ead,0.0040426935970831355
ck_1d96d7fd65f208b2,0.0083249609078142
ck_63133a79f23e2627,0.0795490874008587
ck_901d820e0b72abae,0.0024228887512626755
ck_5dd80b3c01457bd8,0.01176986106113441
ck_c0b8067c144ed6c1,0.009216598987040841
ck_cebb8aa8c8f62c60,0.007451865242311438
ck_79749eca42ff1f5f,0.0096986430083008
ck_2cc1d9b587f6da31,0.041906774427563576
ck_ccc7916b56d42195,0.01321292217078512
ck_e43e53cc7b8b8e41,0.025865888612805133
ck_4ab74a6e7450416c,0.0032137756869692856
ck_6e44024e9de301c6,0.0013733114349704046
ck_dd78cb6ae2866cc6,0.013263256341101386
ck_c363d3b050baf3b8,0.026261704102776808
ck_2d46291975f0dd08,0.00226634574653141
ck_76ebeb5aee42f041,0.03486578491931996
ck_8395f004cf4d4c08,0.00386680096015919
ck_de7259c3741db179,0.016414870492864202
ck_3938e92585df2b34,0.013763720122541151
ck_af69bfcf4f07d932,0.007968998669462895
ck_1723900ab9afe374,0.1458568226676569
ck_3d58628d1c853c8a,0.0028675499717793975
ck_12a074db100481cf,0.055270604528439654
ck_8716cbf892c50e29,0.01026400567642795
ck_fbf7351958ad9615,0.005769583657859886
ck_a50370907e6b397c,0.06504805713960947
ck_937402a60df0821c,0.0008052666001536451
ck_8ce9c5807acbef48,0.003415140948106195
ck_acf7d65eaaa4c31c,0.008956812931024051
ck_ec3eb6dd0967cac5,0.024865347414086213
ck_fc832b0c90c9bdb9,0.9861493922731305
ck_8129e81cde280131,0.006151063941252589
ck_52c0ef68aa2fb8cf,0.00795568985457733
ck_06f042e9b1b662fd,0.020489297837202828
ck_0bf35dcf7b38f650,0.0022350749492605457
ck_615763afc2e17a7f,0.0005984627209290983
ck_e72db9d4b2fc9997,0.9862512521130902
ck_13757bf0eeb353e2,0.003500657851972747
ck_abaf371ec8249c4a,0.07829893721131659
ck_9b7167da0920c37b,0.10911886546770135
ck_2e824b0b27494a17,0.02467011701203706
ck_9a0b605e9c3220c4,0.01077771035576758
ck_a5276af466b681de,0.0014995504163623254
ck_9e0383e1fb6e214d,0.08118410168964828
ck_6a27c44b691dbfac,0.005245766659928251
ck_af39767cf583905b,0.008987526201592374
ck_243b1b9fdd3f9a74,0.0010342939907187975
ck_c0422e638a9c6046,0.027262777487672765
ck_e0f3ea3373dfc4aa,0.016866569372555547
ck_d56ee1654378ffc7,0.017429115987062493
ck_20cd2f5666719baa,0.0010404188148933696
ck_4dfa1c1e9b69fcc8,0.01788913194694698
ck_5d22e9ca1d15180b,0.3242954869573663
ck_f4a7ac178fd55f0e,0.0044753367730712024
ck_fd5609bd23a1eaf8,0.0034525057539243936
ck_49c3bf13dc9471ce,0.018099518374213475
ck_724085c3452d4693,0.21740984685392625
ck_e5d1462846154a75,0.03432632864656118
ck_c69ef0f3e7d6acf9,0.020820481419358064
ck_a2d0417791d4132d,0.007597535584000834
ck_00a07fc2a9183c3a,0.0007992641510487823
ck_781b8288e54ba8f8,0.18335992799794196
ck_d74a62ab3804a81b,0.009160691460930317
ck_abcbde211b6267f8,0.015047964291739414
ck_16dbafc035574654,0.0035745393183902584
ck_018f780215ecaf38,0.00880866424155719
ck_0b259620eac51618,0.006563801663476493
ck_4f875342394c110f,0.01705626083140222
ck_399e45e5fe9beaee,0.006155172187684393
ck_36224a2d394ebfe4,0.07081300425053771
ck_c189b551bd111332,0.0009293619147049425
ck_125c5a720ecb177a,0.08430076330931033
ck_76d010aa02eb477a,0.0005833141434708926
ck_1071d14c46c92379,0.7838383695826843
ck_61d244b2cde483af,0.013885715355886
ck_2ff1860da2004c84,0.0027777527004495465
ck_c5b583490198672d,0.004632710715407096
ck_1294f7af22fade11,0.19989783685267057
ck_e3a22799716df39d,0.007896236315021085
ck_c77e22834ef97005,0.471422847396007
ck_73d3689728270a2b,0.002611360298267904
ck_295565fbf77ef885,0.003885620486115991
ck_80c0a7f54ff4895d,0.002570612612699834
ck_f1ef5cf7f10b16c8,0.017696894142522554
ck_a958b2461ffc21a2,0.3770371202081657
ck_0e7899a57cd617d6,0.0012246872644474137
ck_9d4fed252718f58a,0.010313090083441188
ck_83c2c34add971d76,0.0019428779918269359
ck_9ccc030ba2de9fb2,0.01640744273024115
ck_cd691e3466fb3742,0.0044716235176673275
ck_49df70f908dfd069,0.019433707209419653
ck_362ce13eec1e33a0,0.007404376823497695
ck_2452a30397dfc54c,0.006730893847869458
ck_a443d49c2b4863b0,0.00825902762688318
ck_c8b2e2cb349dd0ff,0.006855775214077347
ck_354909fecf5da8cf,0.009887962026957334
ck_841f598bbd54c83f,0.036672874476586195
ck_cd6fbd4e8724f994,0.02135613941526784
ck_e0b3158111370118,0.008872541746203971
ck_4c2f2eb657c2c60e,0.0029553390816373596
ck_ef346071f0b7654b,0.011840235701721642
ck_f3bc10e3decefce4,0.0008813703776436213
ck_189b6fbe9b9192e7,0.011805782065863597
ck_5245cbc5ff4d4fa6,0.012199449772980884
ck_cb42e3be6fe87f60,0.0034528726902535605
ck_966d4d713cbc7792,0.005987172269200871
ck_1c8c969667cbaab2,0.6932284620464425
ck_d35e3aa9ef5d405e,0.1318631939371486
ck_a1c39df50a5873b3,0.022073991107483815
ck_a152165caf295b51,0.016252908804657278
ck_891eaedae139828e,0.005866780493199769
ck_1a46b56f4734d52e,0.006374304219904459
ck_5e36042cfad96c99,0.21304031801322734
ck_02a8582c2603e675,0.0037111673765176825
ck_6def9d0429e4ed4b,0.02809684958380763
ck_e137400825a1e3e6,0.007555051947855267
ck_d91ab840848a54fc,0.0014136119021936687
ck_becb6e1c608e0078,0.006969490185573375
ck_6fd8c86ac719d7eb,0.13866584313710986
ck_3ed4d13f12fd9d0e,0.06418253519877593
ck_007337aa99a4891e,0.0010419797342663007
ck_60c3d8306527a08d,0.0010766950399704663
ck_95458880a54df0b1,0.12664932545217977
ck_b48cd8593533fc1d,0.8616527472458363
ck_021c6a4a7e3f1f0e,0.0011830077978989418
ck_764d40f865e710af,0.012580043578735003
ck_4b84357ae8ec7777,0.00808106608291443
ck_3397c7856b4669a5,0.0017359516326613824
ck_920bb003b42e6310,0.0033617705681301736
ck_8f59f11b512d5b7c,0.05759767889400049
ck_a3acf4b986afa98b,0.045866490291036406
ck_e89d25ed7bdeeaea,0.007790731402547351
ck_70e6bca473bf6902,0.0024100974739439253
ck_186161ce152836f5,0.004341144990926555
ck_9191579254663f5d,0.0019607109771656106
ck_1e6628879e9d653c,0.009604810969548856
ck_b498fa91a0776ff6,0.015179572875921012
ck_cfc2384f22954830,0.06076071157739103
ck_17673a1c2867888a,0.0031045634027015217
ck_523dce06515b072d,0.007357280457107876
ck_c20638a325ead2e4,0.0035482801836784752
ck_d3877e1f907cc148,0.02524983396714184
ck_e9a2495dea8675e2,0.016131286303353226
ck_7e561caa5fa1f3f1,0.01159268771507704
ck_455672e652fe1abc,0.8880073562811736
ck_7f8f864fcc90ca82,0.013537264433674779
ck_1ad36046aaeb816c,0.004557438122058044
ck_de056e37c82e8e00,0.013641603735984753
ck_7484c214c889fe7f,0.03820793542885461
ck_32430e678c4f9f53,0.008899175199975512
ck_6276ece8f80ea799,0.024366787393038804
ck_ae8e5dc4b725bc25,0.013054580016568576
ck_f01be92dc78a2dc7,0.008499891967887448
ck_233397a8bd40d38d,0.0019367390329217405
ck_f8124911450fdf31,0.8097720291627842
ck_aa0a3179f1111674,0.002123477050131461
ck_2366b29ed9887a5e,0.0027019259536786022
ck_1f22f04dfc08cf27,0.004191726172045744
ck_b62276c3426d680c,0.036196591339535344
ck_d099fca88691f66f,0.03793089739433943
ck_166bd1dcbaf4d6fa,0.001611341789867533
ck_7b1660e942436e12,0.015484721498156048
ck_4a9a791a1d409a3d,0.037561077184810214
ck_b003e5b54df65db4,0.022526636539055296
ck_64b4dcbf436f0b75,0.008795760527305957
ck_26e9a7bb2061a58e,0.03801177618405721
ck_08b77ad5f8f73007,0.010795098722727657
ck_366616a725afc6bd,0.022615495709855177
ck_934fb5064b6eefe2,0.0018592967314945926
ck_c6abd5d57b1009d2,0.002751986754453221
ck_edcfa9e1cf29d813,0.02906058819410627
ck_c30201ebd003fdc7,0.01604676938384666
ck_c54643d94d3ce355,0.027317154067308246
ck_02adda6e91e49650,0.014580059353823302
ck_5b73d7c5255e58a3,0.07314903812297818
ck_129ffae92dc01408,0.0020049279091093565
ck_fa321945ebedb916,0.0366926516322872
ck_8da980cb2e1e2bfb,0.008416157265003072
ck_0576b00d728bdf19,0.028709132138347367
ck_c543d82e22b3c8a5,0.0031494978247382575
ck_0027ba644f9ae2cd,0.1777006448690304
ck_8dbf61df902a6bbc,0.0035236839502481086
ck_90eeca1cda79fd41,0.0028192653646617522
ck_86d7127391d4e01f,0.003727294882778278
ck_73762038c7ff2f6f,0.0014317830079639228
ck_a1484e6215fac651,0.7405864285886573
ck_cb83b9f806e90dc6,0.15725915313304775
ck_8c6f059c95872126,0.0018874095647181692
ck_3174419a81e7caf2,0.00221104018119913
ck_6a0f8f8fa4a3c2bc,0.02790221145940902
ck_b5777605668bfca1,0.004618782846794317
ck_27e4de495abb4d15,0.003809511090726278
ck_7f6fa79c7a107161,0.01255291730909547
ck_c36ed9f8e6792ea4,0.015843338702865077
ck_67a1aa88d2ea554a,0.014792159872187143
ck_09748dfe4df3d540,0.0032887983308249446
ck_27fd85b1e38b675a,0.001777082948321595
ck_2369689bd795ee10,0.006509561255388216
ck_4eb1c12f7d092bac,0.000333151761648134
ck_01fbafc42c8e33f5,0.008725164896690759
ck_93c4e05699b3b7d0,0.007334206821151792
ck_afc484d1b6907983,0.0031717960858992224
ck_1b2d9cae92a1aab1,0.10064139291861753
ck_73b729cb161487f2,0.004732786678860851
ck_fe3c1d0ac090d960,0.20440275287475074
ck_408efac1d3885ff8,0.11365041762231996
ck_ccb4dd9d0a48a76e,0.003453139727484213
ck_2987eab34ca7805d,0.024721667052384745
ck_1dbf1f15193197db,0.034655721522836226
ck_4ed711fe4053e74d,0.21679296913247725
ck_6c54adce174f45f4,0.006217580022804554
ck_a6c740041faf0bd5,0.003206030721210398
ck_b05c4d33c4f43639,0.02187348920024268
ck_032880f1114dd51c,0.021061711419861837
ck_22311b037456a76e,0.00078095809051633
ck_5866b413549765bf,0.003117518191030321
ck_0e808afe2570ecac,0.011497146534539059
ck_634276b05f4381f8,0.005070718674676268
ck_5d8773badd0d4740,0.014486722267830564
ck_82b5b79ce3517102,0.8836274909359149
ck_b378b8d8100ee4b1,0.013807536158473905
ck_54e581f71be5430d,0.002872704197946925
ck_798ba4b8aa544fea,0.0015736638449094
ck_3fe86b6331ff95e3,0.09273092600639828
ck_81275d9d4c559e6f,0.005705939173866234
ck_99a4e5ef02d89493,0.019511816467009592
ck_54e2eb018d947790,0.01874289668597304
ck_966901ea9c77cc02,0.006026831967791995
ck_27d69ff4e0cb428c,0.12467234810795298
ck_2cee2dd7bbfc09a0,0.771602082176177
ck_4136b00924695ab4,0.0002514637957544907
ck_59a164c40c03a45f,0.02978046018364036
ck_3e24b026bc66789b,0.00045620077107556877
ck_8105bcf69a75ee47,0.004096638513592139
ck_7a1782cefe26a456,0.029735145774359026
ck_970c7dc195161272,0.002985759391349537
ck_a48ec0c00ae20e82,0.04188653073816584
ck_54b374ade34e1dc1,0.009646517469050746
ck_74e5dec189761d14,0.0030361880198739684
ck_4717f24f2c6f40e1,0.07837375822854249
ck_fc8cd8a8209e802d,0.016402454913769196
ck_71db4131d7efe218,0.005636547152776895
ck_45424ea6f0bc4650,0.1300589436222002
ck_3716c6181a5035bc,0.00993303328809885
ck_26de14b96bdad4f6,0.005951391492000604
ck_99c0a41ac9c73857,0.005302947204430096
ck_645f15bbbcff3b4f,0.9933744124192331
ck_b7e25ddd41514d4c,0.001038076648970175
ck_d5c14e877ca7b755,0.0042012055655123335
ck_05ea4440dac6cfad,0.019872551301528284
ck_c58bafff7b1955cc,0.015065974226399775
ck_f0cf85b67a9b840f,0.033285277069564835
ck_ce1500a7f0d03fba,0.0055959226094256295
ck_d4972a775aadbbc8,0.008201460586495181
ck_3eb6146c262e0fc3,0.0013947135620184514
ck_afb23858a4ef42ed,0.9832288310142431
ck_2c1def5c91c52a5b,0.3781393966471871
ck_72e550559487b919,0.0015813941484616146
ck_0284dc2b4f856b3a,0.39966806137091837
ck_03be334935e999a2,0.012125780899265429
ck_e35a4b4a3cb4cedf,0.017393341175272956
ck_5abe57dfff4b735c,0.00914314001749385
ck_f5f87f772388efa0,0.016095397629396564
ck_5a22cb36d612236e,0.003815541552448604
ck_8ff1e6028e764472,0.9736685332582236
ck_2ab28149b0986642,0.03091911929747155
ck_c88fc1bac79fa6d3,0.06750632714653602
ck_5b137d74bba6b1b4,0.0018392146573749063
ck_11f362dca2dfaf5a,0.02085068572942229
ck_7f960541e5174565,0.0034529019532982506
ck_d5458ba39ae94498,0.03114079066253471
ck_0a921a73a90c2e39,0.025424070751681925
ck_6ad56ef40086dbe4,0.002021955214857047
ck_b68199ecccf2350c,0.000627487471126499
ck_6dac66c8198c07d8,0.023860073304537023
ck_9b9ce7bebc235fe8,0.00464720047961665
ck_6b817117d87063a8,0.008646855653461362
ck_900d62b3184378c7,0.0029909388648107897
ck_eafe9b89857149b5,0.004547839864173906
ck_e74716a525ee5b24,0.0029154181267132223
ck_4e9a6f06ab134102,0.016864553127988038
ck_b0d33b5a3716661d,0.006247240652381875
ck_8703543bf3134306,0.011462975272058962
ck_923d6a0f83accef1,0.011402654309139467
ck_52e37e2170532e2a,0.5045964860870095
ck_c1c5ea839c58958a,0.027082893796505414
ck_660f0006780e87e7,0.005894431600052344
ck_830b2c5d1818ac07,0.08521110145294195
ck_b080ff636932d1f1,0.0006050041144272809
ck_38730aace405f2ae,0.9980465813746938
ck_9790138467a06223,0.0010811225901654641
ck_10de0b0d86b17839,0.0056296024968532305
ck_c3e37a4d3382c32e,0.002137177983484324
ck_dd8edfefa1eba531,0.0014057879824529017
ck_8153cdadd300d234,0.0003204399685539835
ck_74d0e7c2c6b63d36,0.8932746674001713
ck_c478aae3031bb328,0.0039798273045811156
ck_cf301f2194975866,0.0072638956413774635
ck_f4de03f44e3a5bd5,0.004851935173063455
ck_b06ce826e593b210,0.040041981784892884
ck_2fc70b6baf6a0e26,0.003959564458161705
ck_d208494cf5c90047,0.0590687892646625
ck_086d29ccae565e5d,0.003523338261468229
ck_d5ef6dc116dee408,0.011763437264936543
ck_fdf0c5b722d83464,0.01048905735260739
ck_de8494b13adeffb5,0.008020554227964095
ck_556786868599143b,0.007933690923873467
ck_4940e78cbdcfecf3,0.0018653156579938222
ck_d32fbbfe32c00416,0.014483653805144667
ck_bc7710f7e9fae649,0.0016758364807062634
ck_416f7ac57da081a3,0.014110102753972105
ck_6fb39b60c67d5475,0.0016531642964803266
ck_e40a156511345d6a,0.0024661041642254646
ck_49ab879b5aa7fccd,0.07292907586726594
ck_bb643194d1cbc47c,0.9917196539737523
ck_b3ce8f1bcedfa043,0.01085540220800294
ck_558ebde8c29132a4,0.014894754751869157
ck_e6222925762273b8,0.12329485867991373
ck_bd80546b4807dd59,0.04583759990790001
ck_bd21164bd2bbb635,0.029909933472847785
ck_ea835557d7043667,0.005439592294484377
ck_1411a80a157ff39c,0.00996036634520204
ck_ab973888c20c9120,0.07899189188218687
ck_95b48972061abe82,0.0012999878852139916
ck_fc4a43f8876bf10f,0.20363256733050286
ck_f34fb7ccf82f41e5,0.008734177927404638
ck_5af9934a56801ac0,0.009826841091271505
ck_fc7445ec76389a58,0.3260198657857072
ck_1eeacc26f02fbba4,0.02575640103522797
ck_4f325dd15c9bd45c,0.021856435320092408
ck_5009a6c8bbaf15ba,0.07145335426647217
ck_0f3de7f074bb33af,0.007515305436387614
ck_2cbc2f93a32eede8,0.04251504503831927
ck_4bb90a61c21a303b,0.014006144325478044
ck_3ade9eac7d7b0dbf,0.28156054951206155
ck_4859a58629622915,0.05302193559228621
ck_5fed957287ebca03,0.0011088594445153325
ck_ec01ae5351500355,0.0009800946474091542
ck_703b41624ae6a5b6,0.003246511290895126
ck_97c38e7f61c27e47,0.02574134188402967
ck_db2c0908150cb2cc,0.04478568730594616
ck_64ac5e6fed86ab60,0.9766116505355721
ck_da1c853b0a061e83,0.019704243670869898
ck_9a36916b60178ded,0.5637560161241482
ck_3715bfa7fed2c675,0.005355702211963784
ck_dd3feb77d7d4f6d3,0.011826209731547337
ck_982ebb24174a4ade,0.004997905417949442
ck_f6b7a10d47dd9a1f,0.007494506407069124
ck_1f56fe99f250cdf4,0.018646177578579226
ck_deb3ac0606d6f6db,0.011921992433025526
ck_e666629e5a41b39b,0.005484425142193094
ck_756d2c13d02b3e09,0.029461204009384675
ck_7bc752ae7cf5d55f,0.005316949134762389
ck_fc0cc4b25e6a8194,0.005652273141539832
ck_9b2b0e286de78a1b,0.019698651444195508
ck_24b0803447211bf3,0.0172374346836353
ck_82eed68d05a42128,0.03942436707520757
ck_c8a03c516ed5b05c,0.05559371024264185
ck_e914974cee1bccb1,0.014878264628132385
ck_0c533ff2d0f9962a,0.020989908457304973
ck_c12805fa5d970a83,0.0658148172370373
ck_fc2cb29918631f10,0.1200031030208126
ck_c20e89afe575549b,0.007016480416380891
ck_e1ff9e31becc27ae,0.08814915581487208
ck_18116d0ac08f1996,0.9518740195720161
ck_885a83975cea5e64,0.002842744762741357
ck_a0c3059a959ba5d1,0.04814974702339212
ck_75257ca7d7da2861,0.03339973286543547
ck_2210f7a0d13bdbef,0.03540920018012005
ck_9cbd9ecf8374f65f,0.005366735422865548
ck_18f67c00ba21fbde,0.004433106112343959
ck_2d28f14d3973d8fb,0.0007928044574026864
ck_8b3401b44aaae728,0.006519652694373625
ck_9d8e9ef37797d3af,0.680418185792427
ck_9f50920c894f64e1,0.004618841240527564
ck_4737e0d56c6fa0a1,0.01577187828961917
ck_52c311f29ca3aca9,0.0005003929490241492
ck_6a4981bc721df37a,0.03343686218812071
ck_823539d936c55fc6,0.0008635922164412389
ck_df5aedb4118020bf,0.9478304779074035
ck_a911a066ff0f7b56,0.029455114339435384
ck_684609767df4a14b,0.04693986094630755
ck_f2350bf355dc919e,0.011317895671398367
ck_8452b6cf97c65a5e,0.009592942466563075
ck_084cd84501012218,0.6261806432421078
ck_ace6b72e5bf3e93b,0.1808402282623742
ck_2afdd69094c955c5,0.03692415215566382
ck_fa7d5be26bf7b31c,0.24550257748162405
ck_4b041217690fca2f,0.04988788251705668
ck_9fb8e3d38cdf276d,0.953489156937352
ck_c1ee56d65a42f59f,0.025657005273483247
ck_fdeaa1cd085691f0,0.0523616581300966
ck_5de33a7a87e9aa62,0.029605063068536174
ck_7476e7fe1ff45545,0.025074592226681975
ck_b0a947b498e47018,0.019524477817529636
ck_e3894ed88a7977e4,0.002409518706282258
ck_c7e07ebfb0bc15f6,0.025008202621659703
ck_3a3daa8b376f2a18,0.0022915939599927933
ck_87809324c2675b0a,0.013322871054443693
ck_7eb4f33260f1dcd4,0.005344311416675875
ck_ab9f0e08af030060,0.03035456036826838
ck_5b8fc4a76f340797,0.04242758175534059
ck_0e7bf10ef49aa818,0.042638351219077324
ck_a44462a3853ac67e,0.9976342035957892
ck_2d14bcd2e0fc043d,0.0029652237673449713
ck_df1f2dba802296be,0.815034257445364
ck_466a7316eaf149b1,0.02586067880346383
ck_50df50af592b0c06,0.007613064291482312
ck_5f9e34c849704b95,0.008266382240375394
ck_7836bf6def26aa87,0.0762300690736778
ck_ba175b1bd8efaabf,0.002283366403338293
ck_1a0aac7f7b94b1be,0.10539765758576491
ck_6768c4b2aa8ce586,0.010828436064612035
ck_eefcf0ed15897898,0.006971651415285021
ck_7a6cb27e390b6ceb,0.00935594299025776
ck_5275be4e1577c1c7,0.004103567731864442
ck_6bc0e5b8c0b7d2bd,0.03357521152711169
ck_4874bdec79f9106c,0.024755783839876273
ck_a678731156ad7bd2,0.3049920814531442
ck_db906debc36a5d1e,0.038579065870652775
ck_e87897767c612942,0.017016641743690546
ck_45ed5ee496ef8a67,0.0072516447586206375
ck_ae20e28f9854f3ee,0.023581372947340935
ck_9ee044b73943a90b,0.01310748623956604
ck_dab34cf6f0626c9b,0.030240489007975282
ck_64a02b7b96149810,0.0006294460010408276
ck_c417d06f3e94685d,0.010728451645849403
ck_3e0149cdee4cb294,0.0102152449721872
ck_0e6046fc30f81705,0.015579192536641223
ck_c383aeabd53e9c89,0.016253170220480326
ck_2ef76f1f36e8b869,0.14509045253574956
ck_43948784650bb9ac,0.011149976997455568
ck_bdb966f43ac350ee,0.030764184577971667
ck_5bea0e0ee0b094cd,0.014390169923757934
ck_dff090f03ca5529e,0.008065559233164703
ck_a4691b57f837d88e,0.00655841040585357
ck_99ee90946395d74d,0.48344499321320383
ck_cc81dbc83a8879fd,0.008530249569670384
ck_f3dc0725621b3a35,0.0010797377187020613
ck_1bb212d1288b9689,0.041448776932037745
ck_9e7278fc7679f002,0.021425909413804813
ck_3ded7a8720d7e311,0.005811682959758513
ck_798157bcdb9453e1,0.0010220947078271804
ck_9fba80f56f357fe1,0.006608995558445407
ck_f1e1c8491f16f912,0.007839252550655106
ck_7b1319a5ca2f63c6,0.9900406829890284
ck_124432fd5c92af7e,0.5580613602820805
ck_148cb0c723284dc0,0.018003592838202867
ck_b56c62c950eda009,0.0014825288134777469
ck_a0498755cd8d7188,0.0006740085959260982
ck_5379452a9d74efae,0.0027268561011530774
ck_6c2453229d608183,0.006683619746623935
ck_f9d8b4813a88c1e6,0.00790802585966476
ck_c2c7d1e45a521857,0.025403130417013427
ck_4364a83a11743888,0.002544828733656517
ck_2cdf5fd97ba75e06,0.030322622107188082
ck_71bc01291e0533a0,0.015555658507735
ck_a725d7aed2a0bdc2,0.00037856827609943815
ck_a9b0c4dbd7db6a91,0.013746788308773353
ck_a4258806a533efa9,0.017212209269880017
ck_905e460591d9a278,0.09199109431089308
ck_20de8abfd8960ee3,0.015394138828099375
ck_252b0a0f1119b220,0.0031821411503973117
ck_95e4bef65c36af1a,0.0004066908024292049
ck_5ab68b434ad53fea,0.002576736601599302
ck_13677a1957078827,0.005232736477425103
ck_d251e9fa09e542dd,0.9942726932963328
ck_700cb620f300dd47,0.006682828646416944
ck_39a68c55a1bd3ace,0.22302854535352287
ck_61a59a7944d6c53e,0.11133940751371457
ck_db6d1c6d31da967a,0.010809751301573947
ck_650020c500b1b50d,0.01105819572263321
ck_d812eb6930192793,0.0007560032428267698
ck_92f6ebc11ebca89b,0.1088472483102831
ck_d87e26eb5bc84b01,0.0003713075760998649
ck_66439e697695224c,0.0018585059003269535
ck_f21efd504faa654c,0.003698531503716809
ck_15eed0f5652f0352,0.002852327612164708
ck_bcdbf57d98dc0d27,0.03298111424655299
ck_873ceb8004d3a9f7,0.03890730700622276
ck_70bef9ddd4bab005,0.001159325252787545
ck_7560f1891d66f294,0.0008312871848265187
ck_f439f16f8693883f,0.021764963847037164
ck_14f9535e53f9c7a6,0.008935803970691337
ck_5984be472d2bc267,0.16577075504708083
ck_ed01be7504dc4187,0.04496911412574805
ck_dc3d8b5c17b67ae9,0.000824601675540529
ck_9dc23031b6b494af,0.02446187615288481
ck_fbdac0221bc03f66,0.005338535017472128
ck_863708a99b92ef0d,0.0312023816807018
ck_22b52654776a1ea8,0.8177706172534611
ck_a0714f98001efa0c,0.01780091063590207
ck_9c56114f84e9a541,0.013609568702289217
ck_e155cf506b2fb699,0.004604379667959801
ck_65ed7e72f24731e7,0.0020603335864280087
ck_822d6e8e43befc72,0.4299885061173065
ck_b1182471d9ac6b26,0.0008366978352465144
ck_821446adc95e6da5,0.009916384718366108
ck_ff182f033134dbb8,0.026528284050565273
ck_9c5feef7647b0588,0.001271883933465618
ck_df935d8bdd44883e,0.011754005446896502
ck_01eb24c18ad11fca,0.25271867478289306
ck_00d6730134a1eb51,0.023829507274171692
ck_79ba8e85678d0224,0.011325601777958
ck_97e3b04a1350f6e4,0.016873793063869123
ck_74e9747954a46eaa,0.015620413033991047
ck_397d5fcc9972f909,0.028991582551083642
ck_9ede89e8a43c3f53,0.07926323957504836
ck_303b33910d67f306,0.0028928884608570996
ck_3c17841636f6f7dc,0.009949840157463065
ck_78730527f8ba1438,0.18076400703486303
ck_5ee32bc6bb5d1d4c,0.029307754293414087
ck_a13fee8cd925d0dc,0.0043492555053373985
ck_6f847263379f2e43,0.07423177947031809
ck_9b9d9e579e7b55b2,0.08571228714953726
ck_87c1d0a79e79c84b,0.010231573919267947
ck_bfc453eabb472f91,0.00875173719033831
ck_978c21bb5fe3171e,0.034933878208568754
ck_dd882323474431d4,0.02170966403947502
ck_533c4f7400d5ab22,0.3052793062471346
ck_5f217bfe28954e75,0.99680823036147
ck_ae96d35465b3b4bd,0.004099081592246604
ck_512ebe97c0af94dd,0.04205833551308106
ck_f558fe02bb0219b8,0.014133922637446106
ck_84092e23d5ef4d51,0.04731408908798379
ck_17d3022ca12eacd7,0.007744275557098922
ck_8a8f81bf3558fd9c,0.006823895904577137
ck_0ada6fed1864e7c4,0.017943133894677568
ck_21fe7bc59dcd78fb,0.003993381542558921
ck_e136e20c1c74fe38,0.005160271324848268
ck_e7a530e09d113dd7,0.08612407958472354
ck_7cb0c9ded4d63027,0.03348905368868157
ck_102db9615e722c9e,0.03454999519490349
ck_129e39ddfde92eeb,0.0008143452336065456
ck_d730ff21bfd7769d,0.0059178785989076246
ck_54459b45d2be8459,0.0011166729241085154
ck_7f1c20319eb60aa6,0.9989327326876105
ck_939fede90473e412,0.002052598358641827
ck_e0f9506a6d5f4a1a,0.0020051597412190417
ck_9a4967cdf49265cd,0.16559955623752748
ck_b9eaf03453ac7d5f,0.002470026098548386
ck_522477be6376b450,0.011902026767916222
ck_9b6282e3bad50710,0.010998425121147666
ck_a0e3a2facd508e49,0.04102944975951814
ck_97ffae702f7c3d08,0.002330848641403946
ck_344a95cb7115ec67,0.005161446083627852
ck_1f2760764afa45e8,0.0029979396251616935
ck_720cd658d11ea428,0.05082600871253193
ck_04e32ee9834c088d,0.12582815991693796
ck_2bb1389e5e72c8f4,0.019234378419803307
ck_961e7dbc217cfbbc,0.002364881068974612
ck_f3bce4eccfa6d6bb,0.001806663014088107
ck_e0ccfa0d689339be,0.003202521580350348
ck_98217aeafa0bfefd,0.029473579261607867
ck_a02aeec1914c158a,0.00726329925044156
ck_20a17e8f206a14c8,0.033095297885068625
ck_114c32aad4b6183f,0.03290309785889978
ck_79f5198f0decef20,0.0024732340617819653
ck_2209de229b4c71c5,0.008480020615360972
ck_6ee939b7f396975f,0.00874682767952641
ck_202f0c14b07ace01,0.06562539321066098
ck_fa24db9d416ab904,0.004925913200428446
ck_cf6aa24b92c4d33c,0.2797485773941829
ck_45f57fb8194cefc8,0.008615639162622073
ck_d5eb179dc45394c6,0.019861900839223613
ck_efb24be983342f75,0.009367290492904917
ck_245f5d62ead5ef28,0.008988479800914143
ck_15fe2a47fa7e92ea,0.0034072887537013007
ck_b6527a85fd682554,0.007770486240450292
ck_11f9390a11ce9ff5,0.030231512383786772
ck_ffb4d892c5158201,0.004481020913988033
ck_d4c1da5a1427fd6a,0.03172125929951122
ck_2c041b1efb1c5063,0.006050359413695672
ck_ecc18f40b33be769,0.07577920755113762
ck_0525349f3945375b,0.06982366302295752
ck_0bfe62e0c7eab9c9,0.015239074164043562
ck_b7c37d410b1646c2,0.03177537731724259
ck_4b15b0746318cf42,0.055186800292646734
ck_e5ee006ecd8ff661,0.05847445403295829
ck_ccc83cf66365357b,0.028031111074270417
ck_34a33ffe8339f66d,0.9673842700776046
ck_4e39e3b165edab58,0.8587144331683656
ck_1a71f8081ae00190,0.9863439138850618
ck_ed8f1200fc049c40,0.9514921573003117
ck_8a5a57858e8c77f3,0.01302320965316458
ck_fff9fdc2adf5100b,0.9031594929037415
ck_c76f1bf40f3b787b,0.0004865169071882074
ck_1a6ddfeef82b1b1a,0.0034601383357532015
ck_478d2667aa9896d9,0.009063018456823425
ck_641c8e7694b21f3b,0.038917200361750656
ck_293581d879f6663b,0.8167640959255213
ck_1bfa8abdb22be8f0,0.057211227841609105
ck_05ab5b03d0bf9ce4,0.23817969614019477
ck_35694db37f0cde7a,0.0005682764217701189
ck_fe33eb743d714c03,0.009891583240327503
ck_abd10fbcbaf2b038,0.006804863976762201
ck_46d51648c1bf80e5,0.3546187186460491
ck_5c8390017fabfaef,0.01817138480483748
ck_87d55ca333f22072,0.001832338302057875
ck_c39c6a1453e2b92c,0.00037715899980319075
ck_69ff1b0aa143a168,0.0009459844042936548
ck_e57c79eaab35ded7,0.0026379433099240957
ck_463ae759e2b6ad1d,0.006272373316480641
ck_0dae4a7eb587f3ba,0.020259072744943606
ck_9b12fb56529ebc4e,0.016340440386038005
ck_1af547077ba2dd03,0.24815702237666748
ck_de13de941bebc7cf,0.0009757538823101817
ck_83dde7da2bf647ac,0.0011746492347896051
ck_c80a94d4660041fe,0.016264827811141552
ck_f39cfeb277ef6528,0.0010253243765264012
ck_1cec1ed1512a2d3d,0.00401458943759297
ck_7955a359b6448799,0.002516241978721146
ck_8c0955dad13c3ca1,0.007180293995035827
ck_6d4cd2de601a2308,0.007586599668712309
ck_f4536ba8dd2d551d,0.007496027229132955
ck_b379c198d6db2d62,0.01568638663646476
ck_76ea90ebc74bcdc7,0.022708142507131972
ck_734f06bd4aa92781,0.018513888085989538
ck_677e1d0c14cbf569,0.003612077791749006
ck_259271c70f3fbcbe,0.045616690041579935
ck_c0b744eb9e7d4eb7,0.007178887724377834
ck_3d41faeb96802f68,0.0017335267956660701
ck_8f604fa70fc3c8e3,0.008334097323179543
ck_0b3c3bea0e0ed339,0.009061665792589527
ck_be5df076b8a86409,0.0022126755879885622
ck_6a475fe324d7d790,0.013001430368737864
ck_3ba3fa5387bacee8,0.0005482487442134436
ck_324b9939d9c1c31e,0.0006545073655095778
ck_a7fcf7b592f68ca1,0.011468840973392944
ck_5b2728f7cca414ae,0.0005414219285746839
ck_5f4a25ffd0b85a47,0.022110009486649287
ck_63d4f5076fe4406e,0.0016291886412813379
ck_af528d66c86f0cb8,0.0032358464831083998
ck_ac7cdb9b8da7b5dd,0.011865414241311793
ck_3bece63711407e25,0.02167511171840831
ck_d4e0b2a12fcfc35e,0.005908211806137216
ck_ee3e7c9d3a9c74b4,0.03627358607115469
ck_50d7c4dab837bf66,0.0074571308661693135
ck_ebcb93a2990fc914,0.11427597877323513
ck_2329cc9702cdf7a0,0.02708523899477247
ck_db1fa53d588bf99e,0.008139771000092711
ck_44e57a0bad5a0745,0.019438764714324628
ck_472c81a144f4631b,0.0017391275991822585
ck_1658429acd5306ba,0.012199482435630842
ck_466103ec5bd9444b,0.007706397813002405
ck_9757163e25262b74,0.03579874812519003
ck_34ed59bc2c9b0186,0.004746890766352046
ck_b7bd3a7f263f4f29,0.019131074475074027
ck_149662b09d632e41,0.009289147004300403
ck_a9ffd6b3957bd41e,0.004063863846777461
ck_ab80466ef615e85c,0.003060600969124397
ck_f2c824d3473db24c,0.006780247277337835
ck_a4a01fd45936b078,0.043752445809357214
ck_8f6ce158c2902877,0.0010162322468804325
ck_5189a302cfa7cefd,0.0006546904431130922
ck_430a3d03be588201,0.024060008823858187
ck_b5f9dd00914b4db4,0.009735678995385879
ck_52dec82e9cf6135a,0.007829722881170361
ck_95e444a01e2ab4a5,0.01122688007246788
ck_e37cee7b123692af,0.021752373785681112
ck_d68d42858a55adff,0.03240115433184785
ck_3abfc010091d679d,0.02513325559448381
ck_cee4e4e1b62bf82f,0.020154414469716227
ck_9ccb17c35e636c5e,0.01458141054561698
ck_f72a5a3b0d6c1177,0.0006120638181043794
ck_7508aa554fae6afb,0.046767845725682405
ck_003aa842b7ca1d77,0.20350627285343859
ck_83b2b192f41ee2bc,0.4469763050987951
ck_64796b6b2c3c7f06,0.01759133041952106
ck_6438ae81d43cb196,0.008321193923062638
ck_2bd73d9098504760,0.03872441320747452
ck_aa8b9b36a099e4c8,0.014466506790332198
ck_e5ece47d0dd10526,0.007722881597976125
ck_16077ac345472e6a,0.03575385045494264
ck_a4d6e152b0076964,0.0038772080752266245
ck_d90b1d03ae151f62,0.013685207980676605
ck_18b36d342b530af4,0.012636547887391797
ck_2a01e610348b84f8,0.019325811569817084
ck_0a93ed76bf36c8b6,0.025571738165822887
ck_3d56b477fe2370b6,0.024448673832294664
ck_17ab3068fa303682,0.0031783548087393207
ck_592a3520d841d11b,0.01567780343184774
ck_84d07028b5fca2f6,0.02916224247941062
ck_f4a2bb10afa85743,0.004037537654121889
ck_4fe4b072f03f2c1e,0.0012279783598923976
ck_9ad08fcc183ea1e7,0.0017904488611048981
ck_130d3848b9dcdb05,0.006590631078573883
ck_bb399ed6bf28c230,0.03093479696377955
ck_a31a64a39a2c4941,0.0024090762970533173
ck_c49f25dfb39909cf,0.04865198533348985
ck_55f50a9ae2db8ff7,0.0026210691693786202
ck_09faa4e771cf876b,0.00865947337943758
ck_df520a7a6e405889,0.017978318323059125
ck_8c8c98cc694ac900,0.05180041330709494
ck_7f0c4f609673ef62,0.01160996707619145
ck_f51fe59cd445d2cb,0.01269121259566926
ck_b3fb83f0d772a831,0.014275822401152398
ck_d6e7e257751c299b,0.001182993464550212
ck_0d362ddb4a1cb6d4,0.010112398462642273
ck_a574a08edaf81781,0.005612003920447684
ck_a823f5bcb0e4b9df,0.0009151654368688229
ck_f792586ad0381eac,0.028716672585063732
ck_54bfd70022c66983,0.0025247488755843735
ck_fe0a9372c9372de9,0.0033835487529944343
ck_5691cd6fdb6d8147,0.015772415998399014
ck_a95f212a02433d23,0.0010797614607797631
ck_f5adad75e1c06731,0.05870582116865817
ck_e09c97520eb0533c,0.021045008250415213
ck_a1e13c0d58560340,0.0029212607490112924
ck_cacc2ca410cbe80b,0.013755593441475311
ck_c0dde2a6ef1e08c5,0.002397568321386348
ck_a04403073c90ce38,0.0013950289330650926
ck_03d3026107175dae,0.020211847134276085
ck_50176dae5b1b716d,0.002245430606602111
ck_6c084bfcb38e96c3,0.04826485252881302
ck_36d2be9012f7909e,0.015876613931115276
ck_958acf84c6137a22,0.02719899940558725
ck_114722e12db90a73,0.0007556294104065208
ck_203c2a22c0c165ac,0.017464433188714622
ck_2c44ca550e5cfa82,0.025436280487980342
ck_df0a8f20ab8f14f4,0.046556209417425054
ck_826a27ff7555192e,0.013969882478708404
ck_09a988ebcf062297,0.03028393611278107
ck_5c82444b3b9160ae,0.025622078607651234
ck_f6a4a7ed27fe76fc,0.033783339775253954
ck_17de46314b5c6a92,0.014430125135319159
ck_335e63101b1e6c4c,0.16112822672645807
ck_c5eefc0697451de9,0.03533239044768939
ck_49a0efb5d4067b6f,0.07102433480465674
ck_c1f4509c8f5dac5c,0.0037400533000716348
ck_57658eda1c59bc52,0.0018632867322238942
ck_0d5c0736ec76385a,0.0011478998890976947
ck_e0239e6ae30795a7,0.04254496119506419
ck_e4459115cd8e5e4f,0.004785267738232165
ck_bb4aec09d4968dda,0.19630377557273168
ck_a1b4c96faed3e0db,0.03641072036236682
ck_8247b79ac67aae7d,0.007502172596759197
ck_fe2fc7d6e5d83f09,0.0022019834432213774
ck_f6aea576cde8d592,0.0002757825592775959
ck_b7e7f7d0cd886412,0.0946292844131692
ck_ca7b993e8286af7f,0.0032831375221781278
ck_47de038381a9cd65,0.018686669867618043
ck_d38f941d09eec820,0.03907426379002446
ck_d9ba2a6c0d926b4d,0.004269522146507499
ck_cda72f597330d0f3,0.0016099007742663566
ck_16d2d27fadeeacf7,0.002159042216167615
ck_be05447853d423a9,0.0007396294596894571
ck_cd92852d7376a4a8,0.0015873484664725315
ck_2faf7ecccc9fec58,0.002205952953474053
ck_db8733fd92f20cd7,0.006252074043753342
ck_a9989a3a94c26634,0.019819492082501174
ck_957fb25437c75e41,0.03588991588331065
ck_e6a6caf6e7de17c2,0.007125316976198842
ck_f7bc569b37e8bdda,0.00947002352586518
ck_703b375dd86a6124,0.01995113876834879
ck_d3cfb3603f2c6ca3,0.027816029530956
ck_07cb2b6f2a4303e1,0.03107827333914613
ck_31631e2028d4f855,0.008064701508458547
ck_1631bab0ba1256db,0.014343138835661871
ck_5fdafeaec036f016,0.012742128431441941
ck_6eda4c36aecad602,0.00427696732042385
ck_bd1bf9e3e29de281,0.03768621626299564
ck_bf378ea558a4125f,0.7015424466077049
ck_7aa2deeda0e57412,0.9991344348713982
ck_d229cf7f5a3f38ca,0.020048408574301534
ck_9e109edd124492a5,0.003104415948529911
ck_779491819995625d,0.1434112813775756
ck_b89c6fa2ad0a12f5,0.01219988975705515
ck_1d01b4a609918c4e,0.926187295249777
ck_714c5d7cb17bc9f2,0.0020776361162391068
ck_269f1746f2609ed4,0.004328213234881412
ck_4be03a2aa62b93c7,0.0010172351596734915
ck_cf920313f6dd28fa,0.01592430929072621
ck_fb00aae4e17740c5,0.014390664130109325
ck_085d8c42739e2b10,0.998266726792452
ck_c72a7d0d03cf3e17,0.29163427978272866
ck_8f6ca5d3b17eac6e,0.0010042133787718887
ck_d9573100bbff4014,0.31168406510837576
ck_79d6793d1d0cf43c,0.0007221841921671505
ck_91fa5032f7aff0f1,0.22265413960617264
ck_87110d84872c0fed,0.02337505233489086
ck_8220da627e9992a5,0.0021599997704797955
ck_2ae44938847f3852,0.01020226172836488
ck_b0f191e44f9b6f35,0.08115761318173424
ck_3049d744b527f4d0,0.006346679406426747
ck_47d3e8d1dd3fbcef,0.025733624637747487
ck_ddf787359d2b5deb,0.0002262932985267091
ck_b27a9e39726b26d9,0.0019779037674486095
ck_80c4e9274cf976b6,0.9929353175914097
ck_c6afa913168ce8fa,0.0031162535763629416
ck_52427b3f8478db19,0.044809525058351715
ck_3b810f15ca0eaa55,0.004198583711534494
ck_0c9e420f97baaa06,0.7454988739114264
ck_f8540cf3a8b2f8c9,0.026430127337021398
ck_1402d24dd623df72,0.004646482905048779
ck_eb4f4267e24d042c,0.0028405041811091934
ck_6f661b428d6fb8e4,0.04015593441834695
ck_519a26ecf3d29c90,0.004031336858699024
ck_e886ba71d4a6fd73,0.033825317117093634
ck_437f9ecd2016a1a8,0.0069007005155995805
ck_f01af1b0c977cc06,0.004343559158679479
ck_614f777c2eb5d537,0.004885194578618653
ck_b804e784cde9af8b,0.004171729531684836
ck_c2dccbc1b24b137b,0.052952383902337405
ck_1df4a1781a0f6999,0.011951864239171446
ck_bd2cdd53fca26171,0.007090350648816175
ck_424c254249a109f0,0.014029182600258564
ck_cf2ca4f286e289ba,0.042699868017443916
ck_6c33cb15b0d8af54,0.00945107467468614
ck_311d395fa9b8550a,0.007713951403300677
ck_9f792e7e721ff7f1,0.005742242095198954
ck_4c37586080edb7fd,0.001070921016707322
ck_7c4f42c5397113b0,0.0045258059504847
ck_fc418f53ce4aa579,0.8704958880943071
ck_1ba28fb7ef726ce2,0.007107907270985596
ck_d932f98bf6b83956,0.06613299657578271
ck_248b3659a9239240,0.012247090352924664
ck_6a92cf5f4cf5de38,0.005551650805594376
ck_65519d0fb137e0c5,0.00841567842868279
ck_ddc3fc99eaba2064,0.03248944293905647
ck_7310cda3bc65a73f,0.005069430353049873
ck_c01c85bd631d4054,0.003391125118827032
ck_b4954d16b9749829,0.035543465001824454
ck_f301f6758e170d66,0.02000223891722124
ck_9bf95f8c47e7c7b4,0.003590143072291066
ck_c91b7fccf6aeb4a5,0.03757291923132898
ck_785fa45e86bc5e95,0.0080868921221005
ck_2a65f1cc23f1180e,0.0020444027496992075
ck_a49a2c1f881a3560,0.002309156508005244
ck_def344d68f06d749,0.013989179885211178
ck_abbd1465fc730d78,0.003740285532801829
ck_07a5610ed28162fb,0.024579652558477126
ck_7ecdee2d7127be8b,0.007356525074247549
ck_67858bc00e81490d,0.002227216737055793
ck_b4ad165ace910222,0.007567413187897849
ck_30753ffe481a1b8c,0.7015550102578824
ck_c401a26725b17177,0.0034009552846606408
ck_819988d8a7f26415,0.0035776400920088016
ck_3364a1d9261b3638,0.0014344444409150599
ck_c484c5bda389bf20,0.000523107416412542
ck_ae416325fef92c9d,0.9565365487546869
ck_5517b9a865960542,0.0028080856334580153
ck_a0e96fed380440b2,0.006380228535912485
ck_e83409471d2b0b44,0.0392170731870042
ck_127273af97d7827d,0.006726661059494747
ck_aaa9861c91bd14dd,0.009750916313738776
ck_a378c58294001a36,0.8866336924932845
ck_abb9d65ff1f95b64,0.028044836363398603
ck_a5ecbefa849ae569,0.012713359846854259
ck_aa9953c0ca2bed7b,0.00016681653482606256
ck_40bc6de252865f32,0.0018207974899612776
ck_9fb11688dcfe1513,0.003099057665063675
ck_ba68841ca2ba073d,0.02753978190395195
ck_1d3e561a7d20be0a,0.9748574759466593
ck_99a92d710a29c1d0,0.010110942935481733
ck_ede2e887697ffac0,0.0007609102958581206
ck_e6de67c0d82a7b83,0.014752304437332105
ck_6b38763bf5ddbcef,0.016000829032298845
ck_8dd44eead7d765a5,0.016436354739976195
ck_30bf5b0056eea9e9,0.16937916585953994
ck_2981d16f8a51a8ed,0.02017626226623969
ck_fc60f42c68c7024f,0.05637742742897473
ck_8e2b2251ee224aa4,0.007437767505239981
ck_1906f0dfaf6e9bad,0.30667530129712745
ck_dcbe6814fc4ca0b4,0.06763999275288887
ck_f7e958a286ae3b57,0.003989347132278056
ck_713649668a7ca824,0.02461407252505615
ck_6f73cdbf9305e2ea,0.0165865320856106
ck_dd1c490050cd9051,0.022186416616587445
ck_e30db36e376606f7,0.130373057681202
ck_740d8fe8028b5a2e,0.00768206297648196
ck_ebbc9418cd41f692,0.002360032003149413
ck_7b3cc6cc3f250f39,0.007839130473578496
ck_1d30eef7110809e5,0.40200160660908085
ck_77e0589ab339ca66,0.010126612262400329
ck_15ccbf8ff7d14086,0.0070411202054543815
ck_246989b0c288664f,0.028001076342200757
ck_fc2a6e27b10b10e9,0.0009077850565245424
ck_8afc1112c12f5402,0.0037947347031796535
ck_a76e8d83b9141364,0.021535944072842116
ck_51d3e8dd7465c015,0.0013534674123633998
ck_e7b4016909405981,0.0005424957090807732
ck_e7a3cfb9bf908e80,0.015963591506437443
ck_2bb49dc2388cdc1e,0.001587125506785399
ck_94f4266ee7871345,0.0018506674779274889
ck_b2c896beec146477,0.014817382080680905
ck_fcf5d4a4748cdd53,0.002315289947224414
ck_fd0483639811f62e,0.19028286309143533
ck_9a21d183524734aa,0.06894231360052346
ck_1df4b46c0a4c317d,0.021222892785098636
ck_638df9e8a22dfe0b,0.01944189362164573
ck_65acc43a6dc3e65d,0.00834058327178597
ck_7c67b73196e3d0d9,0.006574148018506718
ck_b0ee3a98175b462d,0.0021125600729809233
ck_20fad010969f1abf,0.0008292524883422079
ck_54b087bd873af8b8,0.005298288473635295
ck_8007824431fa803b,0.004096289192494309
ck_23aab322810b9fec,0.00786854136424804
ck_c8001bdb9aafc8a6,0.016673366473659336
ck_3a34c3ac83cf84b3,0.005421081139117953
ck_60187ac2c473a662,0.9657143109097172
ck_6a0ccd7357979f0f,0.06290771189606141
ck_27f20337bef5ffe0,0.03516940065718611
ck_f9fc468915afe49c,0.028135651614335726
ck_1eabc15a94bd9009,0.02169595302076421
ck_26896c494b2768ef,0.0052186371299866975
ck_348c874eaf0354f4,0.0524392291654817
ck_be9c46acd216b45d,0.02034930425759168
ck_a3cce46d15cc20a2,0.044658810272961494
ck_70804f60d9704128,0.040118918273877466
ck_a019151ca8e7527a,0.03182939523145425
ck_571133b2aa8ead51,0.02906331190947003
ck_0afa4449f20d5196,0.007529303771774782
ck_4d503c41cf4e5034,0.010038785432083168
ck_d6fb9cc5171e3e9b,0.6198274134346574
ck_05ed92a7c3e10e5d,0.028229699715706727
ck_bfb067986660afe3,0.025705392625266207
ck_c1a31690c8573226,0.008472982992551345
ck_cb88ef3dc1f42225,0.0008930328024111529
ck_21e3b3bd998745e5,0.050059460317423934
ck_cf52e46fa54e4540,0.0009456201356851109
ck_b72c7ac4208052ab,0.023052425201789406
ck_e6465c56b337e6c2,0.006259591627320261
ck_5f87eb05d18186c0,0.00618653827820196
ck_263f6c5ff26b5e98,0.004742673458815159
ck_e0b7e2c0bbe228d9,0.0026968770884034546
ck_b657ae3c146cb7bd,0.0021741084853755636
ck_abac514d8167ea58,0.019621736415406432
ck_024dcab126876002,0.01509024916943633
ck_5d8481e2b38bd99d,0.010584395740391713
ck_edf229c17d25dac1,0.1376085165771156
ck_6cb7c97b72d6b5d3,0.013572615584402679
ck_c96ae2c28086a059,0.07508335723877888
ck_2f241b97c0f8389e,0.008763354851329858
ck_9158bdbb63ee8987,0.0030013838497740517
ck_e7b40b60786c1530,0.0014610312662814698
ck_66d38518f68e6194,0.0009067178205347463
ck_8c9b57ad2a991416,0.02080714594559407
ck_cc91bd7152d3e9ba,0.013090886250891233
ck_0d846660c7957a88,0.0089158591364171
ck_60896cdac2212bea,0.03363850489700798
ck_dc4db8b932df49de,0.10577055390364723
ck_2dc31db181150e20,0.007767680839190139
ck_2f138fce1171e277,0.002487190603588605
ck_68b8b859a6ef505b,0.007706493102288399
ck_c3fe0c6c5e1f40f6,0.004503814256990859
ck_15886fe84866de92,0.04270674492052973
ck_ea269b35406473e8,0.0019471760699539585
ck_3ce7cad1f69b71d6,0.012886753336749211
ck_054ed4288ee58d6e,0.037693686704509226
ck_3d4913a86f207fee,0.021411838736389247
ck_23ff85f9d2355e8d,0.007901087950566465
ck_d87ab3261322216a,0.001074536448763763
ck_fac046ce336fe39d,0.005360188668850488
ck_beb97e498e6cf8e8,0.05160527775826549
ck_1f517e0ebf397b51,0.014385674947781358
ck_0af57ebaa45877a1,0.0044254020418145745
ck_f99bc1732ce5e999,0.03488948804136862
ck_abb056a9deab275a,0.02742152270204971
ck_0bfc394c5faa65cb,0.011093447279177637
ck_ddc865af1dd5670e,0.015425345134333242
ck_68b5542459638b56,0.04927047348755638
ck_0b1d84252c0b46c2,0.0018141597138892755
ck_520ec32c4f253604,0.049194106016076385
ck_79ffcfee599d77c7,0.008758065778071384
ck_eb224c0fd146253f,0.17405964410400335
ck_0e477084434da450,0.011334357530494313
ck_07840bba5570785b,0.0348840093626256
ck_6b67fe8e310ab865,0.02076048234460055
ck_e2a1068c2fa22525,0.015442083603003101
ck_b9c6b32f6bd92a3c,0.004997298630820717
ck_c1e7d1021ae58f00,0.0024235705504954295
ck_5d7801201749ffde,0.060177188906977305
ck_c8806749e263f70b,0.001368885254005697
ck_c9eeab826781dc91,0.017310592071921743
ck_309a432c160a17b3,0.008276681080131664
ck_b22e3337b8e3dbb2,0.002462513866995829
ck_79c30169c71b8033,0.9028712473175924
ck_5a6593d954085775,0.0055359426022514825
ck_70b9b79ea1aacba8,0.025020667538699227
ck_63743141ffa11f45,0.005982338515242634
ck_dfd3dbd0d97a642b,0.0047878529154738595
ck_635646a661f05b4a,0.008149645189083341
ck_4b123d6931b6d0d7,0.08609907717203875
ck_f2b0e7a47f442557,0.8688500326028178
ck_1b1df006b81d38ba,0.006808848129923678
ck_360237c1bd30f4bd,0.003850721040307094
ck_5e84bca0e362da20,0.017968200379383955
ck_142dba210ed2f3b5,0.019021383997957234
ck_a3564236069e3524,0.14279427420598184
ck_cf36d8b070ded782,0.004858068778366853
ck_ddd6625c5eddad70,0.0016541856539423157
ck_ad54292a0b2f44ef,0.009596579204139916
ck_45cd5ef6b359e9b4,0.0020619442458861513
ck_982c2392238b7be3,0.4394211757553582
ck_083e4ac78685c3bb,0.01605121008128447
ck_729cc0b46cc2e546,0.2976008639664469
ck_f2b8995fe5402759,0.001500410667811995
ck_73e24f5a8da289b3,0.04654136606024079
ck_bd85f30c36f5998d,0.08259086461544086
ck_ee4ff3aeadf912c1,0.003835743296879355
ck_63d2978706e193d2,0.012270611937949287
ck_6a0684436a1e66c3,0.7778584644274361
ck_182dc4a2f5a366da,0.0011725582781630297
ck_e6fecb82fc2a82de,0.009385836906333033
ck_cfb06f07394dfe64,0.0006754059139144071
ck_7bbe1dc8add17ef0,0.0129291050386377
ck_5cacad76e02c8e3d,0.8872445054375647
ck_ca68dec0c7df5a12,0.0066855046613632126
ck_e4c0fc52c82065d3,0.006823131671449634
ck_f9197b070416f443,0.0033972317380315457
ck_2a07c7021b71cf65,0.03667307950369229
ck_4fa85cebf707de2c,0.0018978579204352313
ck_0063d2a9507467e5,0.0019959910156251825
ck_ec986285fff05b7d,0.0022023327126269986
ck_279d43303708109b,0.006023302750536291
ck_a406bf11e48cf8c5,0.04585941125745144
ck_064b2aa3f0bfdb6e,0.012340018059186572
ck_95790440bc4bd2d0,0.006121405177171075
ck_70066eea13b4c34f,0.00832315234628128
ck_19468fe07e26f992,0.9604997577005517
ck_86bfe328e0a533b9,0.7934920016836308
ck_ace3b96c977a7560,0.17925663701530428
ck_642344e5c652d8df,0.03190945770168174
ck_074be35c951ae10a,0.011321662464079023
ck_f14dce41036486a3,0.9925959088640512
ck_5cf67a3a747e684d,0.43031485033881745
ck_f7285b92648c1c81,0.0038230352123593517
ck_bef3193f124fca5c,0.318171819795934
ck_05c4dcbb45de1f8d,0.003298171089138113
ck_d7c28eaa05bb7144,0.007853729967622378
ck_320df984791a1b99,0.0028411697011390606
ck_f45bad1606fa00a7,0.004630170247337115
ck_6f81c199e986d9fc,0.0036889724304176217
ck_d0c9633fed57c344,0.025040684494494602
ck_a3c25d6cc7478068,0.011983694579536212
ck_4185506d12cf9fa0,0.0007229406742659122
ck_7a02ee1bfba7353b,0.010767892485611413
ck_1b52590757c0fbeb,0.023316901581688053
ck_a0e5656e1cf9cbf5,0.0017949261990139252
ck_ace21f6daef94f6e,0.006045880267665151
ck_646d8d0834782d6a,0.35459393219671054
ck_1f136a4476b5e775,0.010882608828486408
ck_325c7643cce02da3,0.02405855359573878
ck_9b5e7fe28208f5d1,0.0029291962241630555
ck_05d81b1a150f31c5,0.001369926137500609
ck_0e9ec486bff403c5,0.012286891664934935
ck_ee13c091bc379188,0.025040595374900484
ck_f7a7f8f5903617c5,0.006125982128175658
ck_96c3a3517153390e,0.0110146090757095
ck_538dad7f096458ad,0.0034261025422712664
ck_8758fc6622bbb7df,0.028552068063475634
ck_f7e53af3c91fec64,0.011711311514131014
ck_80b50fad7f255e1d,0.008276417529642897
ck_9645e7adc08631b5,0.023075835007393384
ck_e007aedbf37d6ec7,0.007999107858178568
ck_2951d76c41de2569,0.020874113357814715
ck_9439bff87e616d4a,0.018754581223834745
ck_a73045e96af0e4fe,0.017430077665064686
ck_7b382e533e2e925a,0.032234003948343116
ck_730226c2d216cacc,0.012865772986352317
ck_bdf837d761a7cec2,0.5193720401062895
ck_0b34197335ba3341,0.00488010835211799
ck_49170c4b31a20f5c,0.0016363842391793585
ck_cd553ba6589d8bfd,0.011688667030781353
ck_56b992c6f136fa5e,0.022260356442934524
ck_8beae3d7328fa41a,0.02675633109103681
ck_1a065ea906ae3d6a,0.0036903263558393383
ck_e9e3381d5e0e5051,0.0020437004310821945
ck_a6d4f998dadc90c2,0.5803646502847004
ck_d36733da917115a6,0.0575000050537447
ck_e738e920bbd74a7d,0.009164006720755253
ck_af65eb885a51048d,0.0008152058474354692
ck_73f4eb09af29b1c0,0.04014728873198997
ck_8fc641b1750a2542,0.054541772219554245
ck_41b954c7a948c060,0.002833088148271648
ck_25fc3010e8a0f6d7,0.010845035206150083
ck_a2624e0387974e0e,0.018074783578760814
ck_5cb9d7b2329d5ab6,0.031080953538740675
ck_6c83aa1d100a7cd8,0.07663073879283412
ck_67025c64588abd1e,0.004779336535251543
ck_f5dde68f6f0468e1,0.003723441982153208
ck_46bfb2cfc29a6d2e,0.016661461136878306
ck_49dddb894d33f6db,0.07651865744806577
ck_f738b633b8862d18,0.0003382077170532605
ck_3d6c3c00d854f5a4,0.10418287387792707
ck_cdb8061d8d1a6c5f,0.009295319722969188
ck_5e1b81848718bdc3,0.01347847586697848
ck_8def763034187436,0.01353481869321171
ck_8f8e4fb9c6190272,0.0022744823905147256
ck_368b968b5f33431e,0.005116948950451698
ck_ba7e347251ea399b,0.02166177374186341
ck_9075432001a64e75,0.00856328269179286
ck_73c5371635aca173,0.8422011323929839
ck_81793387b38047cc,0.004909662243798215
ck_0cf220816e320ac5,0.0047649017326252445
ck_820219bb9c761b52,0.2894501240037616
ck_70a932ab39d86a24,0.0019564140378874866
ck_2c4be237a7ed79c7,0.003189602479576703
ck_acc764b49ef02826,0.25254026451970313
ck_74c3c3452e4e7cce,0.0012940004261708846
ck_34dfb57e5bf31d2f,0.034680242060758086
ck_6ec39903f765956d,0.04148851827044229
ck_5986119e7d81e831,0.013903133746470267
ck_2ddfc948b8eac752,0.2474064099530026
ck_921ff5ceaf40a968,0.013632089951789295
ck_fb3b68b4424b5f92,0.045932885049498814
ck_c3db1b3ad4f16679,0.0018048128365183238
ck_124a197be41687f5,0.027497797808705603
ck_c58d9151834f5bad,0.024367771632253992
ck_389607982eb6b701,0.8079239953196117
ck_fb0c138c003e933a,0.001046948481663137
ck_50d0bb7edd8c69c0,0.050448190708665346
ck_c6cb651149dc9a8a,0.0044978719767270504
ck_81e21354e477eceb,0.059513262783905056
ck_7696e38b3e4197b0,0.0013877345345062598
ck_586001d3ed9e7fbc,0.0006726629289933693
ck_bba413492dc46f2a,0.010449978327894521
ck_95b894380ad2702a,0.11316780349034984
ck_277621473369614f,0.9989083131297074
ck_a50621b5eeca84b4,0.0008448409254704881
ck_bfa7ba218b988cde,0.012628637659452543
ck_5ea89567dfe78e4b,0.032326790654118684
ck_6c679602a6476ab2,0.016403813198721123
ck_d3885e286b3b11d2,0.03971694344858831
ck_cdcf6671b37c9c92,0.009103690290133769
ck_b5c93e6d34f8d366,0.001691194017726328
ck_c24f61925dc158d5,0.13589223411358733
ck_cd09375e6c81d2c4,0.02326386248913472
ck_a95afc7a00303a26,0.00765103356977409
ck_8e89ca8b39f3f8ad,0.0043643625590526185
ck_9a84b396aada3fa8,0.055074315638156665
ck_5124a2e415384945,0.07028321145188308
ck_d66bb1f063357f99,0.005496044596834295
ck_0fd9312411b0ac55,0.009601747423194048
ck_ad8cbe6e27e47ede,0.02241590491668489
ck_8398adeaf41f9cae,0.015316869516261149
ck_dcf851e7bb5855d0,0.0005992400745471639
ck_9affb0f26776b642,0.003299971812153538
ck_f0424b3b36bdbef0,0.0748411747234523
ck_66746d1090d6d9e9,0.0016139288089958173
ck_e5f8c8a5824db594,0.010257638120837118
ck_3e91dcc209431984,0.02055052517816881
ck_126a82e8d42e5ce6,0.004483386516749212
ck_38e4a74ab256e2eb,0.009638618262522984
ck_1225a97fc413a419,0.05465889676656711
ck_9b5ec0f78e160e65,0.004269860197143892
ck_7c5529bcc079600b,0.0195424372811681
ck_29640fc2fe81c251,0.010878587438683054
ck_160e9ba0a3f7c1fd,0.008761095210528516
ck_bff090cb4ab76b9f,0.024585693358382236
ck_aa06ed358e43db69,0.0930967759408519
ck_7264486eb512d84a,0.0026207142938672046
ck_f5a32e6160b28379,0.005721223958365751
ck_4ba8bec14c2217e1,0.01014961991904444
ck_610815786d729d2f,0.025393083720885536
ck_e267999226b6321b,0.001454104776586151
ck_f3996a3c8eea1ea0,0.014630600770793164
ck_e9b75ed7567a3f23,0.019610835927247775
ck_d21612d48bb4f7b8,0.005862995125879601
ck_1f871df76c6a995b,0.03991949702649873
ck_953bd5de48ccd70f,0.6976022799803999
ck_02a9104419a6dbaf,0.013495464486131545
ck_1eeeee651e05d535,0.025191032286950937
ck_e2ab04136a442a98,0.006251931034680425
ck_f0d806624ef3d359,0.006580556299807877
ck_4b68b38c1b3326a3,0.0048650357765007216
ck_74e60495f8861156,0.012683714424539461
ck_398f3f4cf05c721b,0.004404629597270078
ck_f761b7650a0c1a85,0.023097530331703447
ck_7dadef33f5e2d94f,0.9965744066658033
ck_6ff6883633b8c7ba,0.0012592759708883686
ck_4d2159603045109e,0.004950853357708545
ck_a38bd07a5fac5c9a,0.0035882761606494023
ck_f517f06551e69507,0.0073999376594718015
ck_a7ea00a1760ad561,0.9960289834811393
ck_31fc51d5a3dfe16a,0.017302969270743374
ck_bac5233623b25ca4,0.014085538611331331
ck_385188ab27784fe3,0.09126906752175283
ck_9947a323bab5cacd,0.08707114903082568
ck_7973edc9f22ee7b6,0.014573298934974555
ck_f97c477986043755,0.0016791322836310172
ck_1a3fd2cc4b4de196,0.005060094278623832
ck_e18ac29ea62cb435,0.02441882552935359
ck_9720a472a3e0140c,0.0037517669854750693
ck_668c7fc7d7e47c0e,0.08287747696659441
ck_214af0806470ef48,0.0058861156209385245
ck_a46c1773f01f0be7,0.17739297457743225
ck_f2bdcfb4203ffdee,0.03603201935215469
ck_40e84e6ffe788a4c,0.019805978483941382
ck_dfc6f5712d8d6678,0.12300848337737957
ck_01ef1036b2e66a4b,0.006903771419078045
ck_3acfec10eec32f9c,0.03526130045110511
ck_084a85145c15ed77,0.011894964909117909
ck_fcdb4fe2f095fba1,0.09736371583000855
ck_023908db0a193076,0.09252720437212496
ck_fec0ff92fd622253,0.009729581094267319
ck_c009c97d5fafbced,0.09113082362268228
ck_eb9f0c06ee017ee5,0.005805450096490984
ck_d7792b429620fc24,0.002618943571522512
ck_5e9e149a3b69c726,0.01819012508881625
ck_ce927322ef8f651c,0.010304737038715744
ck_b8fd61a8e82bce32,0.9871679843714212
ck_9aafc33fba1474cb,0.006292595967808206
ck_ce81ff9b8b35562f,0.01933892870327935
ck_25bfca1d8eaa152d,0.004274232405069109
ck_170c65860e2a7e23,0.011295370776927846
ck_952da7ca9f33decb,0.049657816707327065
ck_1ebd574406235957,0.009914512624141591
ck_589109a188adc2c1,0.0053868214271715386
ck_f0cbd5383bb07778,0.036309645479757645
ck_242521e261148fba,0.004910638934673288
ck_509cece86a558de4,0.009665634254723552
ck_0dd7c5925d28755c,0.011492619940894806
ck_a7e669cf1c3985aa,0.009999904899552882
ck_acb84dc2351eeb76,0.0022247765975708716
ck_b837c7dac2a9b931,0.01702071964948875
ck_18eb1f9181f95df4,0.0026323732504115955
ck_b0b9047dddb1ec84,0.4550326785617747
ck_43aa136bdb0a2832,0.2466925969682585
ck_3e47f8c56c811700,0.021097924966271116
ck_77c587d24695ea15,0.008240245732580729
ck_20578ac693ea4e93,0.018778787717186714
ck_b9f6040eebd1605f,0.03385263485316919
ck_ca9d86f65cfdf018,0.003796809625535095
ck_a4fa8833995c716a,0.00989722811283291
ck_f589f1e29301b5fd,0.006550448077978115
ck_961ddb8ff55d868e,0.0012888963244831182
ck_5662492a54e6688b,0.03264660275531488
ck_ad48826c1c26eb78,0.44593410021597446
ck_621c9ddde6bf2eca,0.025897239836012262
ck_417a3500b2c717b3,0.03690472553302011
ck_c7e129058beb3ac1,0.020919946024848615
ck_ec1c902b9b9b9c5f,0.12891722543409717
ck_317360ec0a67d27e,0.11115658787127106
ck_3e3ea5d8c4a229dc,0.06934189685397325
ck_d11d27de7bf0b973,0.37857895304331246
ck_d37d56e931105db0,0.020343758026663637
ck_4863077723cd6ce1,0.0019562133244038667
ck_479a065d5903e9c3,0.00190876189567573
ck_e66ae4fd586fedea,0.003280795423812562
ck_192bbfd0d5720134,0.03165575366503918
ck_3b436cb29af99f3d,0.016905767412812578
ck_7c7ca54969eed187,0.04814874503570078
ck_826ee896c9f1144d,0.17350071208723783
ck_ba1f6dd43fc8a0b1,0.009500809330120817
ck_49685deb63e4e8f8,0.006520686339672677
ck_687ab5d5554bfa79,0.007377011696017586
ck_41346ccd9242cc8f,0.0012031365428442518
ck_8f8e5e2b9dfec3d1,0.019043661107784642
ck_94d5ce61a0c50465,0.011207098105929061
ck_6b954c75aad8c012,0.023252525080028758
ck_748af92828c9d288,0.0007417647169798525
ck_dddd14091ce812c2,0.008150733249229332
ck_723323f6870fab59,0.02482253510701793
ck_dbdf8d0708cc6718,0.007221340603871015
ck_f04938570a154de3,0.004025751543887542
ck_58afa1550b3b5294,0.00968178093448542
ck_3b150afde386ecff,0.04168969509432094
ck_666b95e75d99ec4e,0.9172067100685822
ck_e00332597cf1eb24,0.027836615697930823
ck_9a9e3dac79280d7f,0.03937124305745628
ck_e8d37262e859d9a1,0.010359788113157726
ck_895bb39d24bc1c4c,0.0006721041695220811
ck_b367449195e36499,0.007634777854654691
ck_d23f9a50d1135ce1,0.05656003955824176
ck_670dc4910cf476c2,0.0005861218242711856
ck_3ecd8a5ce65e21ca,0.006352410839931482
ck_8584fea2df4c6317,0.029785621922228726
ck_0789ff4562202b20,0.014268935976532086
ck_749e0e50c3907be8,0.0036463195932437396
ck_c3ff6790cc6d7e34,0.004306938719483791
ck_75fb7e56432ee4b2,0.0012720921829412007
ck_529fc3170fd11abd,0.03203689794461006
ck_34a69b3b4a681796,0.40227934216279554
ck_255f0e5888ae9e23,0.05724142454659707
ck_65be698386474170,0.0012564541317076877
ck_5eec9ed855c26000,0.0010603741929128595
ck_5ab39bdc9610f6f3,0.5990930458129636
ck_1b5b75762f033462,0.013265447137807519
ck_d3e208671cf37f91,0.940639905167351
ck_5068ee554ceff971,0.02182414068676335
ck_d7d50fb57fcb2d0e,0.0018070654997778784
ck_ba6e1115fceaa067,0.051153272192074765
ck_d07bfb16a4a7dac0,0.9292091038021972
ck_ead68310311690c8,0.8873888538697405
ck_ee53ce862bc9c111,0.012802008332311765
ck_97e56e6037024dff,0.0022444142248645295
ck_80b04344c98ec072,0.048263586077912354
ck_5954f45a2ab45f43,0.016532742565127535
ck_18ddf7e836256e3b,0.00728056545909347
ck_89a1a780144d808b,0.01335498972592054
ck_a7331e8b808c39aa,0.049051525274792916
ck_a1fd0ad03ff9b776,0.032723612606044644
ck_c0cf50eef030b401,0.0014686329220201084
ck_074f20921189e7d6,0.0038281342846023052
ck_e2aa7be60794593d,0.3523897629971898
ck_72771757dfb7f7a8,0.016414824510201948
ck_a9cd84a6dddfe584,0.01742178812743974
ck_142c00f9f8557504,0.027782178012643842
ck_221b5d40358230f4,0.020694111878544797
ck_a2d7a563f520b7ea,0.0023252387003150497
ck_66cd34bc568d95e0,0.014882570349130686
ck_a17128972d3e507d,0.00573532980719997
ck_bda299466bb2136e,0.01047139914877494
ck_2b699066665abe8a,0.024402597793895354
ck_0ac9848bd4ba0c14,0.0010586752376149442
ck_98d2f9a6ba3a3077,0.5839909101808272
ck_a872df31b28a5f7f,0.09863780603298172
ck_7e73e1d44ce82ed9,0.009918919661989031
ck_1a415416f620d49d,0.00510606137240787
ck_c95c786d2f8b8edc,0.004755489530680699
ck_e45012f22b7f91d5,0.0017210604619754897
ck_aa0b083e2a6813eb,0.00799053979420642
ck_4666232ddbf77756,0.00927475639730758
ck_e08e9c8ec5f23d8b,0.01492424035665392
ck_31d4c0518e5f52c6,0.002910445113464118
ck_c1ab40638f04cb02,0.005146229216803489
ck_4c1fdd1669c7cf51,0.004663341698913258
ck_11662cc7940ffc82,0.03727836056075741
ck_2e679af24adedac8,0.010096440365684507
ck_454b9e21b7f25a4c,0.001455355963290437
ck_355c4f29089731e8,0.7226437293378596
ck_507e40760a24d2d5,0.018731790938860016
ck_0943e0f305078e34,0.9758395430596439
ck_abc54ed7111e9ed1,0.0027674066180556236
ck_a60fe02fc04407a9,0.04704393237297786
ck_244b897bb4d57c1f,0.006875244879751798
ck_8c84fcde93a04334,0.16047237814562318
ck_9eea37d2de633b27,0.006844817497729483
ck_b2cb9e6610eca967,0.0076583441396538224
ck_09aadb4c41b166f1,0.14450334673080004
ck_8d94fbb4828ef326,0.004907995541700518
ck_089e3a07abbe3b8f,0.003081017378825287
ck_dfee9de05e3971cf,0.008531209830890384
ck_6abf8302ce052451,0.041914554662711226
ck_6ffa90143838a4a2,0.003516715791369012
ck_325caeab5c7a9c3a,0.0019742316678027943
ck_1964ee9db929a173,0.8221339292380612
ck_942b95988a6245a6,0.18590317069088957
ck_913ecdeeb8e21a9c,0.005431979795749492
ck_ecf9794349eb4b3b,0.014538620210278732
ck_b6cb8d6ae828eed1,0.04658707943997173
ck_2f82ea66c4f53b33,0.24264083929027164
ck_6e676daa4855b58f,0.06697984445549703
ck_2a37fef48b44e9c8,0.02492470859216116
ck_3bd12d468fdc2450,0.005945829073032763
ck_1a28b6a40a6bd3b4,0.14335294636669002
ck_61b79dec96d15713,0.002741212862422705
ck_31d5e3daced93d3c,0.003643490395880147
ck_e6c8611c0cf233d7,0.002785351090941842
ck_f04761b4a937ac3b,0.018177844981081753
ck_38c1c75cf055031b,0.026631055259573277
ck_59a561f3df01441a,0.026470593611729355
ck_04e40f556a5062ef,0.005442293495092715
ck_8409716d174635b6,0.002155161438813977
ck_3019afee83342701,0.020855682035559188
ck_b51a58e7f032c9a8,0.028928929040316975
ck_5043e474f848346d,0.011411282745438771
ck_4388abce33ecd01b,0.788276418142314
ck_c93def7392f0aff5,0.05102278242462234
ck_72e7b1acc19df820,0.010473803841038446
ck_f253130dc3ca5b3c,0.005527013752032211
ck_eb264d1b180d4b4c,0.06228972465606344
ck_c2504f5a113433ee,0.0007221671677811257
ck_c16ab1e4dafb4910,0.1408993799324464
ck_4bc42878fa180991,0.025956443060331836
ck_1c771a7c78f6622c,0.02028399821349282
ck_d523f0e50a2747ad,0.003241076790713372
ck_9060f4e7ab7a1b0c,0.0055062152252994346
ck_6b55ec4e87a5e22c,0.06010787797814332
ck_55fc62a5f89a7251,0.010130318196064858
ck_bd2545c62f258231,0.04651831887445247
ck_1ccdc69d0bb712b4,0.060684961908936706
ck_710f867a3bd5898c,0.004101444642774912
ck_f91d48c40337d375,0.006694694827371232
ck_f76d929541ed41dd,0.03938936343948881
ck_e26a6659c237b650,0.017768576774312785
ck_184983177b73dea5,0.009563477390737938
ck_6d0d081bfa8a0022,0.04269844829682422
ck_2f6e64f638da0f97,0.00400198704936015
ck_15b93103ccd38609,0.0046329219081939115
ck_094d10439b7b4eac,0.002258150271919383
ck_d2ca47180a926ba2,0.006707548118065313
ck_a69ca7b9d70972bb,0.002144216335405616
ck_68914e67343a7d32,0.004159446542087738
ck_8176616132458c0f,0.006094851389142365
ck_eee99af3598311b8,0.02409078062086629
ck_94410eedfca91304,0.01544879938549715
ck_cfb11a0a2325bff5,0.002046124147403304
ck_75217ee144b715f8,0.07407119034511818
ck_d56fc799542299b8,0.0020027489544085894
ck_4c352dd3e7c81269,0.028719954195541568
ck_e23e50e02cb3904d,0.042753212311740674
ck_b921af37d500e139,0.005205417150725887
ck_82181b935360dcbc,0.9888422638261773
ck_22a7cf3b99c5e5fd,0.01205087285410504
ck_f67ee7910d532216,0.009570513115829194
ck_5f48762a14a0326f,0.0030395265245648623
ck_1757fcb0e6e3f88e,0.06721933092121322
ck_2c2f080ba185016e,0.026844362693200584
ck_4c25570eb72711b8,0.0017012498839903422
ck_a3be871ca22ac416,0.007926214797962773
ck_ab70961e7c6695b2,0.004990791642342108
ck_a1cdebfc42a52448,0.006343931410158591
ck_f1b80b821a20186d,0.021865818402231656
ck_ae668e4564cd2aa1,0.0020657460705687126
ck_0e2bc3a5afa439d8,0.02576307705000684
ck_3dc378f37d0b74b8,0.034352230008003824
ck_9f9555197480d1cd,0.018835659863215573
ck_bf4e7d48770a4a8b,0.04521076763536123
ck_614ef655f0685060,0.08239271672490543
ck_04d2ea38ee27770f,0.0007700212904590989
ck_e03a9d8ac94161d5,0.00400917451603004
ck_d4007b5b26d9d854,0.0015646557010630376
ck_2dd147ce6d61749f,0.010366041865060412
ck_ff45764ea7d6619f,0.021114848453398012
ck_dbc487cb0a6c18da,0.944745999327703
ck_791d5392bbd80447,0.004122062203144794
ck_b4068439c413b150,0.013276796370228085
ck_85df7b7de9700aba,0.0018786817137612286
ck_001e42551cd06e40,0.0029981791126999753
ck_a6c02ae50932cd9d,0.004981594936816305
ck_9fd0be2c018ff5e4,0.01193501827233301
ck_32a495128395fde5,0.011513388477791351
ck_b6f2a2fd232c141b,0.026948661435819466
ck_28dde633692904b0,0.10497191358918925
ck_a1a93c5f375f6021,0.0014970257704819956
ck_e3982142336782df,0.020450028324684802
ck_a9812ff3c111ea94,0.018058040718402397
ck_f04062216f95fa00,0.03136320164764161
ck_7c560467daca735f,0.0005082467761102582
ck_76ee10d6e2dba70f,0.06876936450568741
ck_3521243bdac61178,0.010059077267632876
ck_28588fb03b320520,0.026163174120699163
ck_580dcec33ec232b8,0.009350337419553795
ck_7109923fd7dab20a,0.01223339782526261
ck_7c872c99481c1e9e,0.007739476351730258
ck_46f4e1f5026f4d1b,0.00039424856308453607
ck_00d1ebc31ec4653c,0.006741518881031037
ck_aac70764dde15168,0.01413631957371106
ck_648c03f9aa4e45f1,0.06493864095178724
ck_5478eb69ef912785,0.27728268925267396
ck_79b8523137bb2603,0.031202937167956312
ck_795c49f312640019,0.0005683952675383411
ck_89184bf7b7fe41cd,0.1786200495755625
ck_97d4bd922996fa10,0.010961466876643759
ck_1cef30d08f3a598d,0.0020233748105870954
ck_2f9fd36a4a40a6a8,0.0008345296362886735
ck_40780fc0f8d6f309,0.030585832756721346
ck_9083ca9fec2a7f4c,0.00922431430387116
ck_62081bc35aa59931,0.00864447464300935
ck_2e1b46c5fc56b863,0.07521471742281197
ck_3d139692c51b604a,0.09479098693657488
ck_b5e54e22e3d6960a,0.009590935179094541
ck_c0c4be3f44311b04,0.0020746163780896477
ck_82a8bdd2692c2a5e,0.0009499462598768544
ck_bdd2da300b530c5a,0.006143375790065103
ck_ee40498cd97183d3,0.0026692642502717328
ck_70b9274473bd6dfe,0.0006000460637836495
ck_473d6314ea614b29,0.004008484497878623
ck_7443d6dca8cd1352,0.0022855471716881574
ck_3b49768b448b071e,0.015069174557709607
ck_b43f04431c267dea,0.0014047488544706545
ck_4424a5223ba2fe00,0.014799600213568444
ck_819bf3e8231f4081,0.013508434523345679
ck_91d417507a8c58cb,0.3120825560437666
ck_e88e86b19cada4aa,0.02408149354068566
ck_59684167f9c6bf4c,0.08254574661512776
ck_d5f5b0dc97b9dc27,0.026826999552880107
ck_13d1b192bbff8f32,0.009064031501485107
ck_b21d8630387cabce,0.005857510233364894
ck_e4ac22046699b99f,0.012574920292671056
ck_74b848064f2ff45d,0.003244270242735698
ck_166aa980cc87fa77,0.08375478901910902
ck_98e337806104dd88,0.0015949541498375141
ck_66eb09be007f0755,0.011701941129805158
ck_3ec9b9d8dd7be11c,0.01803612101350092
ck_8b8b9de339d75d0b,0.028658949169679267
ck_6715139e240007d9,0.005094210281348039
ck_a0255ab46e122d2f,0.0008874507114481758
ck_66e81a4190c33510,0.008115086034199512
ck_5d75ea4f5c9080bc,0.6787943588983953
ck_df69858b8a8b3165,0.013273578673052936
ck_e15252ebd7553422,0.0019363789220333382
ck_34d6d74bb3ed11e5,0.005032872290537235
ck_c2608f78f6851d10,0.0767792068479173
ck_bb99071e8f58c8a4,0.6126630543608416
ck_06010f0df5b7cef8,0.011645818120225138
ck_8c582eb0f6c0148c,0.0007159876706916234
ck_0034d010d28aea78,0.011263687398654217
ck_01c1f06692566ca1,0.010869938441721136
ck_4807726e797fb893,0.02907562954878166
ck_edc9668282e3c8cb,0.014660942298106492
ck_5486768475af7bb5,0.8920118130756552
ck_3fb9813849e51837,0.007402744951663897
ck_861af5a9a9a6d619,0.005672665233369062
ck_da39653add0f1109,0.0008755533334255466
ck_74a4244eb1f162e4,0.0007263610215131801
ck_9a930faade55b8ea,0.004661550364672074
ck_fb6e06ca88519dcd,0.004290726821338268
ck_9776cd8263a9f415,0.018716442049878476
ck_b3dd1198ac5aea73,0.011425128899434894
ck_b6675a04df1a4276,0.0009100391735202446
ck_5c7ad6e731b69333,0.26189312430131906
ck_28dc0fdbaec00580,0.3052633958440997
ck_8e7a32f7e3905f4e,0.015041791604614298
ck_8563fed6674afc77,0.007031736381469364
ck_9a2fcccb82da663e,0.007815250630152495
ck_6a519bdac0d94527,0.004081206805076529
ck_a0dab7aa9c4a39a9,0.008076482342752715
ck_a3ce05e9e5e32142,0.010860020955525662
ck_7a7e40ee3f97c035,0.029220196109326576
ck_9e9a830785112a73,0.02728601858952073
ck_ab1bb02f6b189304,0.1422966694995823
ck_7b8cb0f90fbdc8c6,0.003977048206087106
ck_b138fc249e659e60,0.017298030870167964
ck_e73caa3771ec5e0f,0.002615222888136338
ck_18a55b06ccccd88b,0.019066780573376088
ck_fdcb1d9265d8fec1,0.05687975691171165
ck_e21a900556b382ad,0.008692135863531092
ck_c6bf67470f526771,0.01019742349987208
ck_b568ba3837afb39a,0.0007175644928709688
ck_a2858979dd5645ef,0.001103526201420825
ck_1da9d40837ebaa57,0.008842408409966255
ck_9341c7959543c542,0.0019090895846552078
ck_c8ad86806b9a2369,0.04785721904221746
ck_5c85d93ecfed4b0e,0.004959682116549315
ck_f07b09879d697b82,0.0038115496474189236
ck_fe43da07608b1749,0.01461632440072065
ck_4bca22b5926b9c28,0.0014624809345449858
ck_aba573aa942b1d41,0.007560535480798303
ck_57c14e32fa4683bf,0.002141025317420552
ck_891530b489ce402b,0.00446860751488507
ck_5e74fdadb93ff293,0.09416496329800506
ck_14436a409ebcc90f,0.01601562624873133
ck_00013fdfa0bd37dd,0.004813610580117708
ck_7dbe24ba01316775,0.04962490418567911
ck_0e3f80c1553c591b,0.02072805667713634
ck_3edc45db58760d76,0.0032166561891711063
ck_29076a13f539187a,0.4234710682057934
ck_b1e81b58b9a545ce,0.06565741260608497
ck_3f8571d4f7420b2a,0.04495257466448912
ck_7dff6abe4bd644dd,0.551408905485359
ck_2884bab237af16b7,0.004692382076442292
ck_231e6dd1fe708000,0.002282832334072544
ck_33ecaa7b892e73df,0.01232062604540298
ck_b109ec4c63503030,0.005864530778115997
ck_a7f522382509cef1,0.004932064779945297
ck_748b3ea941d8b3b9,0.025756403725261084
ck_29f3a1737a2d9634,0.02916132528994863
ck_cee8d42475a0f020,0.0033729924813628545
ck_c6b6ebe145a8ffab,0.00283704412171951
ck_21c99e1d6b881894,0.0020673263771301903
ck_5ad798286384484e,0.011426088461508877
ck_b621b6ffcc7f4848,0.0045453114371325435
ck_ea819e337233475c,0.49387933847460824
ck_9e3896c2668ce06b,0.027492464840454194
ck_501dcf1ead036d2b,0.005611049424307407
ck_8d5eda29a2cffa3c,0.0035994098388206484
ck_4d3aa36ff83f1132,0.23748323180159858
ck_8e9faf94e3e6c757,0.0010163763032112667
ck_ce0ec41f96951048,0.015621189544483204
ck_f09165d73ee903b1,0.010194304256489074
ck_a432b1bf1d3b3d5e,0.4980221784697385
ck_ea618f720ff0b4b0,0.0029742977928628096
ck_7584e7bd755cb28a,0.012267869602318422
ck_e14681aad43e1a72,0.03474867074381082
ck_5e18870d8e30e379,0.01318414210757183
ck_ff7c26a62bda8089,0.0019433861067612624
ck_cc5a35175d381d5a,0.013743548462514472
ck_3c25029e40aa8a84,0.0020065297128070074
ck_771247b5bc16c12a,0.002193037216958779
ck_664b5e02759f985a,0.0017852923091669073
ck_692a9e8f504b9762,0.0012709461312093008
ck_df8ad2deb0a4ffed,0.017257362775824743
ck_eb48c0bcd12ea654,0.012425967174680828
ck_7c77e597c951cdad,0.017439086356060438
ck_4f75144c6f3b13ad,0.01233048025834098
ck_1bcff399166d7c43,0.0037441222748261917
ck_975c2aa3d4a8c51a,0.011891444447600005
ck_bc6f07b06aaa4ce3,0.20261350455478885
ck_80b072b7f3c7e8e5,0.00769270663343603
ck_471e4018a23b4e56,0.001166539880741336
ck_53cddfba570b4a3b,0.006800843903970575
ck_630530e50764f229,0.0106456579191098
ck_dcef7887a4f1e435,0.07267909278041301
ck_2795921a055643f6,0.007063059993512738
ck_7456df89f3792235,0.007025774157058144
ck_5014a3b07e1f049f,0.46788187358869243
ck_d4ec44760cbe03f4,0.010685168144149238
ck_96810ad39d4cb7b0,0.021328081663679953
ck_3222ea25aa29bfa6,0.001391059459188518
ck_f6c42001b84a10cb,0.07610711442087265
ck_5ac86682385c86b8,0.005461926762280458
ck_4280c33af57eb4f4,0.0020515966548096446
ck_05f79ddd8eefaa56,0.007065255457530006
ck_3a57a13ce032a6fe,0.0016050448384780978
ck_a721f0d635fad68a,0.00421114905501877
ck_a3f821bdf408c326,0.004952969990965555
ck_0ada63008be5685a,0.02029500500641462
ck_8c949bdc6e8720fa,0.09663465567494417
ck_c0d2c56f9c722e99,0.9817612196252244
ck_5d2b9e6e087b8dfc,0.9982182432399989
ck_5217b55593a332ca,0.09882067748685643
ck_7a7bb9be5a7e48ad,0.013666271566272802
ck_24cd0d779e866287,0.0021378354578941647
ck_7367917891a63771,0.02534273180712243
ck_4b31a8862a857e6e,0.8850972948808972
ck_81429c4910ca46cd,0.00202316831210376
ck_b35d803568f82d9a,0.023440409320415075
ck_4b00e75c2d2d0522,0.0008474713674558328
ck_77fced07f6dff42b,0.027391662437793514
ck_3c9a06eb07c300e4,0.0013844758656284492
ck_b3867f7f494db64c,0.0010402022835513574
ck_0c45e54897ab34e2,0.03678987842277998
ck_507a6a580ab55c76,0.012395792850734333
ck_291bffc7809f896a,0.0027350554205055858
ck_3753cc5b9d02e2fd,0.003125467542395524
ck_4f63d5245b3ac1dd,0.021139711306024413
ck_9dfb2ae78659240a,0.016596974951732388
ck_90f6f5ced708aa75,0.0008877433602186321
ck_8b5b5a6b5539e39b,0.8727623836768486
ck_4719112b55d20161,0.016457797522041837
ck_fec888a7108ca52d,0.9932137504145698
ck_4f5d022c99f118b7,0.02308379591621571
ck_e967ff05514b697b,0.04027005646679776
ck_839ce35819bfa4fc,0.001412976923751458
ck_bdee1221b9addff8,0.001967792430728363
ck_9cde4036d0914427,0.015995719825328287
ck_5ac959cbcc5e98f3,0.0012585379791275094
ck_619842688294dabc,0.004690373034560142
ck_7373d7b04c7799bd,0.020233748852953492
ck_c1dd3feb9a0b6471,0.01845910256040552
ck_0324a4812ec319c6,0.0017409359815238326
ck_7f3685aa2933b251,0.05200688491915044
ck_06aee5a62a67a84c,0.05886942231385757
ck_3428910b44b9d08f,0.04871664536423624
ck_c3ba7534cefc1de8,0.003322351858118521
ck_1f1273a67cbad5e5,0.7192867892796273
ck_124565a11b2f8bb8,0.0036476422021884864
ck_38e46bc861e0165b,0.010356567235702694
ck_c8ad3f01319c065e,0.03872304721159879
ck_3f94a34f5038f7c1,0.6695142849801927
ck_cee56be5a502fbd1,0.1881643986069207
ck_2b90b76cf4d162f9,0.01295118797756591
ck_884b2e463ff1d54f,0.007502085801031568
ck_fab4f2f8531b4827,0.022843283452847526
ck_4fc6256e0e60a926,0.010888023195945383
ck_0a2f8b2f8a5b6f02,0.011961836399837182
ck_9c0deab8a8367c5e,0.0012563118414847905
ck_d3a2a4c011fa2554,0.0041566515943998895
ck_4108b4038f762817,0.02709233747919333
ck_4df036e2aa7e1056,0.011031307242003824
ck_ec094eb1cbb3efc5,0.002939521959916312
ck_09f8f51bfd2492c6,0.005796864765285244
ck_b60fb9a10d6f4489,0.05028204608717851
ck_3638bc3388dbc1bc,0.08978196886216194
ck_7a58e0cc9943c39a,0.007320474343071618
ck_37dab6a0a536ed49,0.032988471179451515
ck_adc576690df5b33b,0.0165169260214502
ck_1383b2b1875000f2,0.0017997538380230597
ck_43c1248db37a2eb0,0.002095554482307369
ck_29c11bd68858e923,0.0010412921262180942
ck_9401f9e11f65337d,0.031786935229396594
ck_ce5ed372b1a2ed6b,0.024607412736411715
ck_08b4619490e751a8,0.9294578240124964
ck_44b9125526acb05d,0.006788191288067529
ck_ef1a1de20d2124cb,0.013602866368163139
ck_e5e2624b7fc89774,0.019024708196856366
ck_f5100511609b92c0,0.0017887116849026616
ck_64f3bb17101b7c42,0.014256024715271454
ck_ea1e5b5128ecba2c,0.0019200285998570367
ck_516163fcf04d5e77,0.02985738224054348
ck_7f9a748110d70005,0.0036101976719081514
ck_d263b55f0a681cce,0.028269993164382747
ck_0e962eacf98a813e,0.006339250217399978
ck_0406931800e0e2e6,0.0044870468364993175
ck_0e9b982afc88a3a9,0.9971851347562373
ck_8bbb625384edebd7,0.0013736286433059803
ck_5eaeb87bf6207406,0.8774038148032623
ck_cc3318839c4b0745,0.0027320497626062558
ck_08a0355d1f1890ef,0.005502198284994057
ck_af7ffd1a822460d3,0.0543949732522699
ck_2a09c7aa870edb6b,0.0038649635917941505
ck_bc04f51c23290bcc,0.006487911146646905
ck_d3a8333cb389f4c6,0.007529218052755986
ck_88e3dd3039508332,0.027189702990728957
ck_b8c7771de9b57705,0.005130724464001039
ck_585ababa02383b50,0.005158377280617883
ck_e988c108754cee9c,0.005645256044400301
ck_4a691892d9d6cf89,0.0024284363192304485
ck_7cdce37d895eefb8,0.010018290018640895
ck_483fb981a1fb4317,0.001916020522994501
ck_c1e5182bd99e0e35,0.13252468480629812
ck_9a1e3ec9a1839939,0.00593146970261162
ck_5c3f13de0dbd5086,0.01600385646553287
ck_f4f6f0caaab70040,0.005400423908381976
ck_791be3378dd7d64c,0.01816267970229874
ck_956dd784525f5886,0.03288469265034749
ck_098167eaf124c279,0.009016030388086883
ck_33ecff7914349ebc,0.0076892282431160015
ck_e05d44e46c7174e6,0.007884956298869001
ck_1b2ce474fa6582b4,0.024697988329431902
ck_ab581082e8f72e3d,0.0027898895697126033
ck_e63256667aa19070,0.05171403511340947
ck_f568772b6cb3febe,0.043567647837407505
ck_dd89a282375bbab6,0.10561746307683172
ck_a39d0bca345b492d,0.0035257435987066177
ck_d12d2924d0f7a64a,0.002350476166087081
ck_6a548da1728b5823,0.9902641435888869
ck_6d64193681d2a94f,0.03539144704951851
ck_ced6b6dcdc7c201a,0.009756898420512432
ck_d1b0699d26282871,0.037485783108259396
ck_58f757e40a9b8877,0.04879004807428993
ck_3272c2c4a37d5220,0.2958599318352152
ck_d94dfde9e03c9d1a,0.015131671821165768
ck_08a6d4903a7fbaca,0.008988425553637389
ck_6c72a36b05fa0f4c,0.011864807893936683
ck_dbb4bd4eda97255d,0.009573300705542033
ck_94b59bbc824b307a,0.0012469926980237095
ck_0229a07185f15469,0.008929016550711748
ck_11bf1039f8b3025b,0.0025593802670374048
ck_36789ca11459131e,0.08528002911631231
ck_8572c5f5c1447c62,0.014936426839546307
ck_9e75c6641939f4fc,0.019896597423509993
ck_b45e47c39d4dc7bf,0.013670745836703137
ck_02903c48b6cfd65d,0.0037543904278359254
ck_b153386f1729de81,0.0063074321399967746
ck_36979996f33498f7,0.19718008918590588
ck_3c02d4dbbf6716b6,0.01675251479473652
ck_66c9a19963957531,0.05337186689403439
ck_bae8dae7cfd8baba,0.0020025572200376646
ck_bba0ccc6cd968680,0.03251545355158014
ck_3267fe3aac05c71e,0.009303905908727341
ck_40052cac10562cde,0.03768157391628361
ck_d973444855403e2a,0.006906394178249183
ck_012519bb095ad36b,0.9943034571024101
ck_ad7c256ea10c4a00,0.1664753072509203
ck_70a60e095e9b706f,0.0012336933038769385
ck_f2734417c0db4ee3,0.0013443113968908914
ck_9cb89cc3178e0172,0.01155892408479962
ck_779cc0f2de4d5488,0.0646334516098648
ck_35f8656bf93e3b3d,0.019542623907699255
ck_bdd8eba728800e29,0.038367555021886025
ck_002cf760d173f0f8,0.009547970831848362
ck_b046067c6ca3831e,0.0014004771315939393
ck_a4a42d4bff8af645,0.0032355713446680923
ck_bce253d2396681a1,0.006201692142806467
ck_00dafc060c8de32a,0.04439131743542477
ck_968a99e097ee78c9,0.10297381365648982
ck_66949171b387bb93,0.025065236099756544
ck_ad305286702b1958,0.0015863832381348556
ck_4732da7e0d2dfc7c,0.006542682069207355
ck_17a95bba77217d85,0.020719436397757737
ck_3e2516a3e35067e0,0.0027795327793994915
ck_0b615ed566da1f58,0.015190320386785281
ck_d2b3ce1ebabe9f93,0.013903639773495837
ck_a892252e4e0c2828,0.004317539353355314
ck_cf606fd6ebfdf9bc,0.0021264019712744775
ck_718865237134ebe8,0.0016226400072887044
ck_878522cb775b904c,0.03370909846096313
ck_9ed53de6ef779ae0,0.005050263112937742
ck_3f16e2cd7e6874cc,0.00980118864281297
ck_3c59df37895ead2d,0.0029978067831333654
ck_6821459b626d492c,0.0014770819285451178
ck_11c7667920541587,0.0042796679877374925
ck_23a016cf6b98d89c,0.028168535560158834
ck_7137eeb394d200f1,0.07954656973733826
ck_9c4886c5c90ddbdc,0.004268987474502527
ck_1422a7bf7756294d,0.977956841845924
ck_7ebc5fa7f0d3b8f2,0.014826552839684825
ck_fcc2059a8d5c41fa,0.09353814236129551
ck_00ff7389d6a83e29,0.19959708491529293
ck_03129b41457795d2,0.010331684168814087
ck_38ba64efa7c38250,0.030271051472922736
ck_57a6b56b09bff24e,0.007518540440708021
ck_e3b3c5a80a567418,0.009070657575287324
ck_fc40a16adfced018,0.003570542343381776
ck_9d4b5e6b43bad4d8,0.009316121383956256
ck_61129937ee466b49,0.029065139678016667
ck_74112e47b8629c2a,0.06160567309359283
ck_b4703ee97f94d7fb,0.0004862354651718486
ck_e560f720a988d8a2,0.6461774458858761
ck_708fea345f68037e,0.007690718968721778
ck_25394c1b83e0b803,0.021866008136007902
ck_17ab24fe914ae44b,0.001271456700768916
ck_16c501470d9bb006,0.0012909858931593279
ck_628f449e248c19b7,0.03822281733312456
ck_6d64190623dea714,0.003835260663077686
ck_504a45ee08db72b6,0.009115391498809845
ck_6cbb011e0c70bc7c,0.003004278990773283
ck_b3225a98acd04f83,0.004158046748382112
ck_aa37993f1c17cd1e,0.042036488982215535
ck_558cfe5f77a55a9d,0.006291407010478728
ck_0d0a1a021efea5b6,0.024914892822525726
ck_daf7aea023b7a8f6,0.009061638353616038
ck_d75f25184ece2b51,0.0020225176605661904
ck_466d4b5366c50b98,0.0039074571277833104
ck_88f27ab479063852,0.023211409164185005
ck_66779098e78c1760,0.003293919639727579
ck_b150fe4efb449b05,0.00280076291172448
ck_9c3aa9f23d01fa1c,0.0017278747422560135
ck_6a01c375fc26705a,0.0020040355704172906
ck_002eb6552b504ea1,0.0027392270137061333
ck_affa5aa0bff9bb0c,0.004668262067487131
ck_027614eeba8b1a4b,0.0060143964965848964
ck_67e075c982add719,0.0026714040110994517
ck_399b0d510be98bd2,0.017865600114711545
ck_e9b0bca7368555ef,0.0017379379253236566
ck_59c29d9c57b4f994,0.03521941340872199
ck_37176850ed68831e,0.00318445219539746
ck_a0db4ccca08030c3,0.7466158295595495
ck_aa188e5c25f7f42a,0.012000051964220727
ck_7de6997178207800,0.001388369519320713
ck_c729d19053387be9,0.026411482810629022
ck_f2d3e3d90608596d,0.15976598494904382
ck_2db3fb565e0211ee,0.001958048688201732
ck_bed8a480e27e911e,0.01374374607354835
ck_d7ad9921a4d25926,0.014650468996464563
ck_2a59f23fc5194699,0.10021195290687637
ck_63601a58a6120d8a,0.02277950852696405
ck_efd7b9e22c6317d6,0.008032269083183866
ck_9ab42875a0f95b43,0.04173499950165092
ck_85cb5033fca7c846,0.031306557007747295
ck_5249b223000915ec,0.0260657052805757
ck_3efb0e9bf25612c7,0.007416967098515029
ck_678e74532ac19700,0.011759761530209804
ck_a980b296c95153f9,0.007401200653362341
ck_01ac687ce0d696a7,0.03119252946415225
ck_52e1418cf1aa9871,0.013890787747661315
ck_7d28da4f1dab09ee,0.05136061066844483
ck_010d0c2e6c1657fd,0.06576011918119457
ck_b524f7a2e752b9d0,0.005852150253866547
ck_cc447fcc24a0772b,0.21603144283435827
ck_2cb3c99845e572da,0.00526564547341521
ck_604c710141327a81,0.003357145016280676
ck_8d5fa65717d2e0c6,0.018590220489116353
ck_31199510b40602a1,0.004595962399558949
ck_49e253ea12f4e922,0.017814349399488835
ck_780738e0d71e7e43,0.009702629093089924
ck_2cd21137a07fdd7d,0.005842916756093522
ck_5e021f2a3b66e256,0.020638788497131317
ck_efbc79246e32c66a,0.02104713884094341
ck_9951bd806c13c7fd,0.02636481749085129
ck_7a52674e2806d8f5,0.023009689010065393
ck_1a319e509f1efa1a,0.0019227676434143159
ck_c920901b9a4ba993,0.937760144548471
ck_b71279e807d0b3a7,0.005690152739486123
ck_47e1032f490bb018,0.009309441889539943
ck_192579ecdca7ff83,0.009900789646649578
ck_b1496c474c4a3239,0.002325922802740158
ck_5e68ea2c5e893cf0,0.023708907452125314
ck_f2ecab85d4693b4e,0.03546625136836409
ck_89d7bfc81c3df597,0.0035780489161672214
ck_7929284327667791,0.026603736047402758
ck_494ec63c5ce8e150,0.0029813619827170133
ck_319b059bb2145586,0.024128073711499942
ck_ccb3767c239018c1,0.0056320740917681624
ck_a1c7adfe26e09a8c,0.026399998400012233
ck_0e13c4f73818149b,0.02168836709583217
ck_c285a51ed6214f52,0.00898157829572114
ck_916784595f028226,0.053672276973931086
ck_6cd8e0196365c474,0.014012078987617471
ck_57b657aba4daffde,0.048115473713731434
ck_562c76a3753fc7da,0.3695301626330591
ck_66cfc1ebc9a513c8,0.0022312594545327636
ck_0f38d4aed68d7d24,0.009817967372968864
ck_d8ddf5e99f7859e4,0.02033778687356656
ck_41bc3efa0fca700e,0.04123308826640913
ck_40799e129fcf42c5,0.11275052460245728
ck_786f079389126e44,0.034387052679968
ck_bb4c6b713eb0b978,0.011555027527318485
ck_4f01f7eac0efaba5,0.006835119849115101
ck_47d29c01b20cf69f,0.005173547732854014
ck_bf15a1f8d67a30d3,0.020337652306402648
ck_bfecad7586f65e4d,0.013167156779308303
ck_fc9f16df35190eb4,0.3514378240792705
ck_c09c914e416edd08,0.0032123157709619244
ck_c54c5d8e4433b0f2,0.003286773519573991
ck_1694c28f44480e98,0.03595100971865913
ck_1dcaa3078dbb7571,0.0005070486136692313
ck_af559f990c640e41,0.0047079961465595335
ck_9b436162039a77d0,0.031647575036156915
ck_79d62ef181bd0cd8,0.006452659000589766
ck_23caafc2cd34242c,0.00948320738672223
ck_ffe2aa26f597e552,0.006498119413658907
ck_e6ffd0754ac08661,0.0024524149544231516
ck_beaacb4a783db21f,0.0066387973656181765
ck_9863bff41d24ce9b,0.005786238191226141
ck_323b9cc5c49f8ea0,0.03250979642203938
ck_ab3de3d3e41c2082,0.004505403552821626
ck_35c93b2924900376,0.0025938737646389945
ck_5a9d5f9901e37e31,0.027046926704593337
ck_782b0be796164335,0.00871218623668704
ck_11960b5f1c7a5e2c,0.004506819051566813
ck_9a66cb13a9884cc2,0.01318920108338448
ck_ba666a425930615a,0.0014859796865477198
ck_40140bef4db73741,0.00616785686890322
ck_e05e91cc180063d4,0.060967514348295365
ck_c7f6f45710bc050f,0.006323999597895976
ck_055fb9f2e1c8c934,0.030772900722294393
ck_58bb02d98e2b9cd5,0.02191201597862983
ck_d9f8efa6a7800f76,0.007130818290099313
ck_69691226c68fd50b,0.29230962988372144
ck_6f2f0396e5b1c538,0.9924542516988022
ck_78bc3f1d0f35ea6c,0.009468920082385354
ck_2d5a6b6636a2596b,0.0047140924903634205
ck_7878545739af0a73,0.002284186847040232
ck_03c4fa4f3ed3512e,0.002441234905366181
ck_1a9e51d092d62c84,0.15793357211067505
ck_9f3861940d8d873c,0.08268036678384509
ck_4684fdd61c6a0fac,0.009753566987356018
ck_715966f86d5c913d,0.001872244883974971
ck_77f293d44b4a3d2e,0.05123049287816034
ck_24dae044dc05f849,0.01578949639266974
ck_00b9818e2064405e,0.062308405043441505
ck_c1c2cb49c3c1b0f5,0.1462781469744408
ck_bed50fc64fbbf8ec,0.005309099079431517
ck_4f6ed5ea5ab7c429,0.0023040040861802627
ck_458531c22ec2f9b3,0.006393627091971961
ck_51c50c4c443df31a,0.4670624385753395
ck_732d45bd578dc39d,0.007959994382418373
ck_783fe5bc20cd02db,0.03353731371558657
ck_7f188aaa63d1d442,0.007591596641216858
ck_ef307a6aee38d1fe,0.5822691307121082
ck_e37196b20968b73c,0.03477919647964697
ck_4ef9de711c3d93b1,0.028307029184487215
ck_17946516d5df71d7,0.0037508860588748565
ck_3534be0f4efd313c,0.0440768451618753
ck_29fbabf855cabdff,0.002109408533428252
ck_191673540d8486af,0.034373818628674044
ck_5f52728d777ff2c5,0.015954048731724554
ck_a045a19369016818,0.998100401124801
ck_4eadbe7298b15e96,0.010298167257065772
ck_a3a0bd59729fe619,0.0028484243843532346
ck_a1e77090b1c6ccf4,0.009119399784130911
ck_69ab9d4784eb77bd,0.013805745656883021
ck_baa47383ffd50f04,0.0075332640968265455
ck_e35b2ed08b9e55a7,0.005134792300763055
ck_b6e3af0a5119d9a0,0.03626859913851421
ck_a7c1dabf3869772f,0.11099616957820765
ck_80b8fca67a14e0be,0.6038054090715946
ck_dd9c5f0c42878e67,0.0034474538107675825
ck_41ef7967faf5ce82,0.0002808922933711875
ck_a93560aa348d6225,0.04137274237521581
ck_ffe91d6f0bd93fc6,0.04936656603515986
ck_fbf630c960194033,0.01365255695059763
ck_497ed60723283c0b,0.05282423900291338
ck_2a46b7ca55239413,0.0035320651620723738
ck_1a4e5ace078dd782,0.015363831170516706
ck_616cc31910f5de50,0.006355197086472851
ck_0d65bc749eb42710,0.021508641099089947
ck_2408db62e4395ccd,0.007913094921324448
ck_5d7721930106dce8,0.012621924550304638
ck_e8a6acea22b20312,0.2050298748095462
ck_e2f792fae128b18e,0.05035431430229572
ck_e6d3ce445b86003f,0.007155183720430817
ck_263334d722ecbc97,0.3282720396597046
ck_8c5b29f6666d4874,0.036007468188253657
ck_7ea0bf310fc20c7b,0.8786514432810911
ck_54d463f7fd89ec3d,0.03965492411954338
ck_79e45040dbdd6447,0.0335421083086391
ck_60b4d59953505682,0.6280436380498879
ck_fb00dd5021642507,0.017346548941831887
ck_f409ff994a210601,0.02743263007111863
ck_2ca0020038bfec58,0.16288229040637414
ck_adf84b9df54c3d80,0.020336822321394582
ck_942dbf632591b65d,0.013864020397975792
ck_454a7e4d859a3409,0.0007091665896346814
ck_2139062d4569aa07,0.0022605724753308903
ck_e949a0f4df0b3902,0.09647118777306331
ck_bb113e3e6716ed65,0.029614158461954383
ck_6a28ea6ce69cb869,0.0720468804471653
ck_7df9910af2bba21b,0.0015686083608815013
ck_78aa4b731cbfe251,0.0030971251466458192
ck_5839f5cbd8165b1e,0.01708681509078786
ck_7158ad9e58769ffa,0.08245751635087852
ck_acee218cbe61df69,0.02311295603957888
ck_f8dc8473c2772729,0.039194759243135424
ck_f34c93a8173555b1,0.06963608036744424
ck_7cf301d075e4e709,0.010895379758429984
ck_b87e88ee5512ea17,0.0051477753529740435
ck_bed0c020b10afa3b,0.012037423201122428
ck_ca10102961f99eb4,0.001937402738282926
ck_393287947b5c8d79,0.01733963809799156
ck_2fe6cac002142f67,0.045515615510434655
ck_79c7f0d29b1db1cd,0.018391021933638826
ck_c735b643d3cbf67b,0.006708979336860336
ck_ea4332c8fe48e2a3,0.009296739383625697
ck_d39864119cdd460f,0.004638716851798656
ck_3b963d6be2773861,0.003030025840755161
ck_df39e3b8a9fd0bfd,0.5358657540227203
ck_6236a461dc0d11a3,0.001380499066188024
ck_475ebccca25e30d1,0.014389616290996325
ck_c10c8bcf5bcd516e,0.10676326864648554
ck_49ccc3716a564256,0.004717875337434799
ck_4e4f99102f6938cf,0.004019816710110641
ck_a97b481ade6f7972,0.01732819189528262
ck_3fa559c679751b3a,0.021996424585031617
ck_3eba1fd2c7acc4c0,0.37898723364255943
ck_18c179b4afc4fccc,0.010580871586219186
ck_cc1c0b93d05b7d20,0.21907676338853102
ck_742f7c28ddd019e8,0.04965939023512577
ck_04470bc93b8a0d71,0.007432183089468356
ck_6e8f8ef7a03cc6bf,0.010510843967868617
ck_eb1ddfc353b4da83,0.0015786459932878513
ck_98831b57c7ca2e4f,0.0013038688829292609
ck_a6c7b8d6e8596d4f,0.04629503320715842
ck_cd7d24e3b095e96e,0.09122477606871769
ck_3f5ae4673a9f858e,0.014140201224243183
ck_05f375fc8ae0afb0,0.011130398448469076
ck_1fc98436281ee39e,0.00235890601343357
ck_6c48c58678f64bae,0.0010811457764340886
ck_8c95aeec6a4c75b0,0.016036810113142504
ck_364cde38958b7af3,0.14057416142898205
ck_85bf21aa1a00452f,0.008171221198707244
ck_796d3eaabc667c23,0.9987215677863398
ck_ac449ee0c315edde,0.003879568001619681
ck_6f9fd15ac6b163de,0.006236920747933825
ck_4087065be2a45ad7,0.3593809568586372
ck_ecf006bbc78ee3eb,0.17063426368855888
ck_8ca808cc5a49cb5c,0.02872914312132414
ck_94b90ab8b2dfb50f,0.03367965025524393
ck_59fd11b3232de9dc,0.977671961068601
ck_67f3794d93e2dd67,0.07840168378018333
ck_b7f5acf5df1bb13e,0.012949110695986947
ck_fb04ecbaebb774bd,0.006012902148852177
ck_68ef3e7301c621b7,0.011090411409423925
ck_41406cfa209b6bda,0.003679916671059719
ck_b0f8f5408662337b,0.0010314045900628433
ck_0d2901bfe585c391,0.07353092628452759
ck_3398551e81dbf3db,0.044230828584321966
ck_61c3e3e277629646,0.01342249929894792
ck_2825e34dd3e7ea2a,0.001966680453891242
ck_20d7571ba830009d,0.02780557817581542
ck_c98b16f9a72a6568,0.0007517151465352976
ck_e7c8a9e4641eb9ed,0.0012533702109393554
ck_254a7c97c36dab8d,0.023326785677509645
ck_e98429675b46272b,0.0032419966015578153
ck_c2fc0ac460786d02,0.055343812261433534
ck_fba15647b3a140d9,0.011825384737808508
ck_15ce50f2704227be,0.016905317730894855
ck_8c748aaa4a4554f9,0.013142886904578797
ck_e00e82a9419ff086,0.012980110906042543
ck_832341c98254bd84,0.010454037966297283
ck_27466468d06db4eb,0.03611314336276623
ck_9d7b9e3ff1f3e71e,0.0059528959393143266
ck_42c6973d3a6fe983,0.0018789715687988222
ck_877c85bad118bc62,0.048786208897591256
ck_75d2a2715259c4d7,0.030722472248641653
ck_37d3e5c681a2214d,0.48578483613941986
ck_bf285dd49f372de4,0.018286573956835746
ck_a5bdd026fa9c50fd,0.0027351349831151546
ck_88d9244a9cf7a77e,0.6409794833241251
ck_5881b174e49b04ee,0.005505868741134146
ck_5b16d67c5ea89930,0.02030230974551064
ck_b75b936aafac56b9,0.004470918485278078
ck_aed2681e1646a0df,0.022368993591804855
ck_f63cb5e8cc702bad,0.005153491523610758
ck_1805fcfc4a9e4ffa,0.9045855856294557
ck_25c355da356c730d,0.01632868445162806
ck_70396398e4a96449,0.005346404714686156
ck_0f743bd13373748e,0.033336177473978615
ck_4b387765f0e916cd,0.0021845070759772653
ck_e971faae8a10a260,0.0033833764842326436
ck_9eb08369e983abfa,0.0012378669110879894
ck_c30c5844512e429f,0.03685461713324589
ck_59e77e3a81f1fa0d,0.015021855623270816
ck_ca4465f2b5c1a52e,0.9966715734737901
ck_c89b9ca398402f1e,0.006619900690885566
ck_36e72ef9273e7a95,0.007572713197785193
ck_2bdd8616870e5e1c,0.00033845622886929277
ck_216e87a41de22b5d,0.056759184835509104
ck_60f4fb44f5efe3a0,0.001320458959828223
ck_05652e8ace6ce6cb,0.0021025250776704456
ck_8c136dc691e65695,0.00048259269094348364
ck_a08f8dfadbdca112,0.004517589008705181
ck_bda4041a3e90d860,0.008839541082204937
ck_15dd3ecaa8ce0245,0.3910356701527553
ck_3e3c64b3b7876ce6,0.051792745588072654
ck_46225858a38b2e57,0.002059488553877288
ck_0cb9f54928f4feee,0.00691619692583009
ck_152671fbf8a9a78e,0.037628309260143065
ck_ee7a515e87d17d4e,0.012568730004560956
ck_f7276091bf513d22,0.001599478323501858
ck_4f05daf1cf0d5755,0.0019447710107669805
ck_83a69c4a5d55ef19,0.022292636356419083
ck_c50fed2a7c9198c0,0.037395892819393886
ck_70d19d5650ddc8f5,0.015686442239403856
ck_4b4d99e443618904,0.009796557971318275
ck_dca0b6ca93311ca2,0.04205926285160932
ck_b7431d4706461ec6,0.0023288403529024525
ck_7b59d22cadef3b05,0.08745158263007434
ck_53428573abcd606f,0.03960421066017052
ck_f538ab6aecf2adfd,0.0010843687121905744
ck_d321249fb065d2fa,0.08251280464995936
ck_72fdfc7e6d8e1436,0.002753947128399182
ck_b52b99dad89ecdfb,0.015305616822212698
ck_d2d4282f9d256b3e,0.012706587035458556
ck_c8f2a1dd8a6141a4,0.002007582468006057
ck_8d38747058d0aeea,0.5231015791691674
ck_3ac528caac74f563,0.007611214072007295
ck_8dbaaa00ad829ca9,0.03599127967107402
ck_7c38ec898f0fc21d,0.004240975624261149
ck_8171ef803f5ff604,0.01344638894488995
ck_01a750db6fc1168a,0.09696582615240505
ck_ceb017baa26e98c8,0.06347584865065348
ck_e2c66c72cc0b0f78,0.16394443037448841
ck_8d9518f64b222416,0.004601836999020049
ck_804c5a1fa5753617,0.008418766860706781
ck_fca7cc9c42695453,0.00567763497346055
ck_3a632cdf2c19051b,0.03524688333669485
ck_b2b63ea65edf1dde,0.062210499148759625
ck_27b07021500ee841,0.01461126416225503
ck_9724718fe64c6557,0.9807801528262657
ck_2786cbc3e75ec034,0.2702241597948131
ck_d9c2622cb6df380b,0.0063638628056771965
ck_ae1da8ee98e402a4,0.006152857452098919
ck_62967b91504149f9,0.005252785344633157
ck_6b255bf68709109a,0.015242188228552181
ck_c55afc68421d85e2,0.003067820259835107
ck_7c7266f6ef2a8466,0.029262331465846534
ck_885cf685a9541190,0.9287223947510425
ck_1a4bb7d3d2ee3227,0.017921041395953696
ck_b4911c42f3bff740,0.0011058457853755064
ck_66f9f78d4c6a3edb,0.02955702786581742
ck_49bdba9ee1899dfe,0.02262467840421985
ck_79b235d51718435d,0.012158971519578309
ck_d840db8cfe2ef6f1,0.0010921387954786386
ck_610c7bcc1cd7ecb0,0.013530785438770168
ck_cf49b6544aff6c50,0.43327040092434066
ck_de05f97c3d40dd1b,0.07252317727067786
ck_0302f67d75973dce,0.005764658050688617
ck_54c2604c9ca6256b,0.008709940787684441
ck_a1c88c0568f142d0,0.2322764049634632
ck_5d72ff6cc2963d1a,0.003975588567334187
ck_0446920a1004c596,0.0017896485918859572
ck_71044c29ef071570,0.004954135683187447
ck_2122e9bb1afffef7,0.012659671502524948
ck_d1e3de178601d3c2,0.02710868559790939
ck_bec8324a3587ef04,0.0016067927889861584
ck_b616b6f45225f319,0.08482056071351006
ck_ce1e695884511479,0.022386582799342036
ck_a662b4bf900781e4,0.0009532794959735617
ck_b5a84c5547378c10,0.002864788513723065
ck_f80af368cfc6cb7e,0.05847536105488315
ck_da3526ab6c5c884a,0.009204105472146262
ck_bd20be9a3392d79b,0.0055715833040876975
ck_b8266dcd90cbfa62,0.0017303893197978036
ck_ac84b33304362c06,0.007564269300926328
ck_794d8935a895e33f,0.08411886516432586
ck_8fea7d915259f1be,0.005596992607717489
ck_7a1519ad5ff45312,0.0016860930605228296
ck_9bf3ce30b65f75c7,0.027653701593838648
ck_5f864d72d1eead99,0.04129563623767509
ck_3c48e0cfc2a58041,0.3141964471447642
ck_d902183f80cc81fa,0.009834762355339189
ck_539cb0d117db8cd3,0.10164494596470391
ck_28f530aec8e77130,0.030593777494182905
ck_e7d903c50d353361,0.020879988508770764
ck_d288b77d1e227970,0.046281548259314256
ck_017208fcc01b5d40,0.00827928127204617
ck_7e3923d278a5106e,0.01243607717260525
ck_9700a00ff9e66216,0.020326458128132347
ck_5c36c78b7a4d138c,0.04003428963327118
ck_c457e9c9224b773d,0.01015568859380086
ck_1dfa91405d7e66bc,0.004892507088506053
ck_f1d8a2695a575e56,0.006629943894029142
ck_3b92a46daf8d00d2,0.007131729258346327
ck_aab23b5470469649,0.0080267114861702
ck_ecdd01a391610d99,0.0030026485395272438
ck_abd3aa292f8edb4d,0.0443226179512819
ck_7fc9a0776e1339e3,0.0011638466080394953
ck_c0389ebeb0e65cb8,0.001742859308082224
ck_48d0fc4f6a2109fa,0.9990853949720133
ck_571dee4f3336c7ce,0.014022671372610209
ck_4cedf26628c84f26,0.09134338291322852
ck_63356762d24aab81,0.011241308869336707
ck_2c5bc11bb7ae5d2c,0.965679946671519
ck_6d26a152f900fee8,0.005133437699069608
ck_c972b0e781efed3b,0.0008809236239133457
ck_fa0ecbcf9a33d6ce,0.0026381927977614838
ck_fa3a766e49dc77ae,0.00807286870743058
ck_7baf1e55db0dc558,0.014843630706363332
ck_e8bc49e6494c1f37,0.00375915991079971
ck_8ef1d05cc1e53e7e,0.03194158526190458
ck_cef2a485a77e0723,0.005029749871970405
ck_228a583f23abff48,0.019359601328602396
ck_ac32c6e374782b27,0.056476359128565246
ck_b9485218cef413f0,0.0032623428255827624
ck_7f15503048915d6f,0.002785992903294142
ck_b62f5144db15ad34,0.24030952447238385
ck_917d82c552f95a23,0.01393069113609478
ck_fb4797045077bc6d,0.0024797123971321685
ck_2cf8a44e041217de,0.02999845209872961
ck_b7dd681eb3d2ee38,0.002046416380651078
ck_e9e8cacd2fa35e79,0.0064121677310433195
ck_342a79f91de5d1fa,0.03309970022893585
ck_2c91f62c05685ed7,0.00921071490031508
ck_e30cb64302939f38,0.02301803290943526
ck_d0e95b90ba86da10,0.005983128334719204
ck_1774faf414a5d49d,0.9133131964220103
ck_2401e8ff89e574fd,0.743258484456224
ck_0cd8802264e0a1ef,0.0147656434051026
ck_da84a0dfe947fd3c,0.009215148255161966
ck_c8affb27ba7fb5db,0.05656160653274582
ck_bc7ece8787ca7200,0.005242583550860241
ck_469a0578d05990c2,0.00240647720185436
ck_eef67f8dea702338,0.022488062000109475
ck_4f490e379e9ded9a,0.003071437525152941
ck_354379de065a8ff8,0.004208083363087621
ck_5db1cb368bc41ac3,0.019817128850023447
ck_9b1c3742dd6fcb8b,0.015171437710748553
ck_63ce4f44c92d7143,0.03414191209296911
ck_e15e3390f5ed45f3,0.008874990060317795
ck_da645ea91d66aa6f,0.3468293254911489
ck_834ca727df855f07,0.11527911414647325
ck_e1d5ad20c737c745,0.19183260751095632
ck_ff8059ae5fa5f1ee,0.0006323046948551231
ck_8bb9e75393954a1f,0.0023520132928631153
ck_4e1757d1347ab387,0.9960413858287335
ck_af3f74b1d75a5d95,0.010730990168674464
ck_6b1ab0742ff04c3e,0.03651824003012882
ck_f56073911c9f1ab7,0.001677541558006296
ck_51bd5f69b4fe0b92,0.5037614386799254
ck_fc3d95030b81f416,0.0005918673586381097
ck_cf78169633a1600f,0.004307205164807871
ck_ad7269eaa65c67f9,0.00965923982957714
ck_cc6d33890d47a6cf,0.025042795464951677
ck_bc8f31f4a2ffa1ae,0.0012065520315620222
ck_720776a46e56dfa8,0.008884304444636365
ck_e2d1f212f259539b,0.012574921783323407
ck_eaf6f7082c3db2bf,0.026838232865400494
ck_773efe58c6278c3c,0.03748661015435231
ck_c4a72c09f2fdacc4,0.006320285405744611
ck_8982888dd6611143,0.001182952145690113
ck_9d5049e195eda029,0.0036375397058035727
ck_de58ef6f9fe2b546,0.011158921017645805
ck_c0b50c11e4f5adf7,0.04002693530616099
ck_ddaf228487858bb8,0.04672410070754483
ck_eb2323215ff70362,0.048009942652086586
ck_168c96a1a636ea15,0.00837021142315136
ck_9c46711b14d9eebc,0.005255461386978976
ck_de8af660806b97b5,0.002670351136399029
ck_6ab83f45bf16eaa6,0.009442521950276502
ck_bf2228a052815840,0.009435367768519092
ck_3f943f20a9da9bff,0.013875643886354745
ck_3baae40454c00938,0.02156236660952606
ck_bc2e771a1d8d2dee,0.0272156948204526
ck_e55f5ca37f30ce8c,0.010391567186252436
ck_4ad5937bef176d89,0.001074410711035929
ck_126531a9126c17c4,0.0039686779940562465
ck_7ec423cb56257516,0.006342365617375001
ck_54748ae0f2daaf10,0.019111081127170512
ck_ff24776280ceeeed,0.015478388798735337
ck_3c3a1a1365741bba,0.010718264696129973
ck_615277c8a4e2b18b,0.01037280636744102
ck_a96aaef34173aee6,0.14127326185181055
ck_bea56db7f3e930e8,0.0041416500939700646
ck_ca491debd3b32a59,0.017133294626840764
ck_d9ea77f4114a389c,0.001449769727776238
ck_322ffda3332d08a2,0.032603813920255964
ck_c40ffefe4e30b001,0.04918848032846518
ck_3b1d7648d4580bef,0.006013401570220584
ck_23981a3261674131,0.008511777261718825
ck_11667f5b9fac7bc7,0.0014301617304662072
ck_646bb3c7be5f0817,0.023730773654158897
ck_ebd0a45712dcf07a,0.024711388406478452
ck_baf43bf1bd963f9f,0.03174490078365896
ck_e0ca2c819658f6b6,0.9843870131412972
ck_f0d6633d0834fff5,0.014721742096273896
ck_91081be0254878a5,0.02562217603027095
ck_1325000bc7f35b5e,0.001951450213789157
ck_c624b9063400fa3a,0.09568866007082742
ck_0ad6fa0e23c3bd0a,0.24725132165565672
ck_6ddb55b1f23c6cb1,0.009591490962102744
ck_dce1fb3acd65562f,0.0014775068510880446
ck_a9aa389688ee5aea,0.005615469441518271
ck_5c5284c45d9ad8bf,0.0392515666897462
ck_9ce743dd3e92549c,0.025135443915316674
ck_8342e08cc2f9bcb7,0.003483907733243728
ck_25e551a0a8d2fcc2,0.041705540608661155
ck_d4fd0e438c97e0c7,0.04306253621444568
ck_ac7fe1c344190c50,0.01348017191005627
ck_ddd65711b5651f89,0.002507341066488726
ck_ec7406cb5cbc8f10,0.005852775545933571
ck_1c65e8d5be3b9c60,0.3692185419324604
ck_38ee42f15a573e81,0.014118939782803088
ck_0e5385c70c6de025,0.0059979004747163734
ck_d3137f0f7629040b,0.008528581617969636
ck_9129c92c12e0c8b4,0.0016497361569843784
ck_c86520a00e50a926,0.016734118009775607
ck_87f82b2b5fee757a,0.012339601681381445
ck_643abfbd7548d0c9,0.0182267524932539
ck_be51f4e5e6b85768,0.043442307075264745
ck_132c16312f37810f,0.005530776153835642
ck_c78c096ca8cb33ac,0.0013925158540028743
ck_2ce5afbc014763b8,0.017181211841787208
ck_50ed8f4e7ae6710f,0.01064447794618205
ck_5a4eb535c9a11993,0.005888339656129915
ck_9b665ef46d785324,0.004610788022637895
ck_e066f71f8b296b7a,0.006343375472275241
ck_560bc6017870ab06,0.003391301763255108
ck_fd78f8a8663646d7,0.00927215259795468
ck_4af5ec61ddbde1a4,0.026303749957816598
ck_c2ed04a9d218410b,0.0037883258600555267
ck_2455d43bbdd2bb69,0.004887518927247484
ck_56eed7041add49a1,0.27820007953902803
ck_5f0be7b468a72333,0.005252386395163919
ck_19660cec756632ca,0.0018305167941466732
ck_fb90408f4892a21f,0.015068539247241513
ck_833a65b86a5d9bda,0.001810152244784085
ck_2ac36e1dff211d38,0.03722415613811259
ck_c00e70606904539a,0.001672343887903314
ck_ba8affe4b9505a95,0.4374839673263142
ck_0c3dd22587b08018,0.02573118678020522
ck_618c4e5cfae99dcd,0.062042253214986014
ck_c9690baddfc4177e,0.0012154198426395262
ck_59fae092fb0c4aa3,0.007993329353976108
ck_e03b7d0fa0b28f4b,0.02609189004245922
ck_d451d24c780b5884,0.004674042763219925
ck_e980d325b8dbb8dd,0.000498631739868319
ck_cff18e2d8c520272,0.0023284258313218988
ck_a0e46b67e986ab56,0.012534362450746114
ck_3a469039a5b9d963,0.0030550327243849085
ck_12cbb211ebd2b437,0.05040553462454711
ck_b8cdd6d6dccc4554,0.0018866976105235082
ck_794ba5921cef50c9,0.023709363415589445
ck_2c7667f64edec2b5,0.008961791464160134
ck_7262b4e0c29c942d,0.005297275983398993
ck_5d818522cbfe2a54,0.0444643655563456
ck_de39c1947fb675ee,0.03397597716390166
ck_c021495606b4735e,0.005514185965157708
ck_1fc03ba33edd9e67,0.01799325013300982
ck_a6fe344bbf67f14b,0.008101834283313706
ck_963762210edc5694,0.02466808134928438
ck_d064428b7e7dc409,0.011163345865739192
ck_59be61b53d971611,0.003632267593362859
ck_ec8738ec663cd2eb,0.012901853355867006
ck_59d086fab5998646,0.0075925963751615165
ck_bd32dd3b2cbb7888,0.9979136775275761
ck_ce0166addb93bbad,0.002055857189068888
ck_7c0fdfbb447cdc04,0.013401193996821707
ck_cb1bd7635968ed8c,0.15608181192750242
ck_66f94903177f20eb,0.0039515101019692665
ck_1d7cd5dcbcdafd7b,0.38815907388411064
ck_5e418a7c04437b4a,0.045082993471358135
ck_631ea1ae91ab333e,0.013590017456524182
ck_0a8029e79a5ae7ce,0.019748087292352026
ck_c4cca8278bdad9b9,0.0006311872193304298
ck_4dec3df58077a257,0.24010887721837484
ck_609c249edd88c565,0.00788548278969416
ck_02e5f9cbbbf2f078,0.020693408178488117
ck_32e486859130458f,0.8295588465188188
ck_21ed2ea6386c5a07,0.0004829576662769778
ck_1242aa4496576a99,0.0054906368949843454
ck_475ea9aa6d3898b7,0.027776184069048693
ck_fe1b1adae3be70a6,0.5629330566357458
ck_c5414d7a8031d4f5,0.0028946357145503243
ck_ca1f6f01868e978f,0.020251498371317452
ck_5eff0208c74ec714,0.012098544319186883
ck_a315c9619a317609,0.01186742274232435
ck_2b87683c90acb852,0.02083844227326969
ck_7cd9f39c50748ed0,0.005481556146862421
ck_16a06d58d71935bc,0.057734702795099874
ck_d116e0e7c19b878e,0.8063288418576068
ck_931510e384b1d0cb,0.013091520077705974
ck_e7651fb87bb24132,0.0011186995938071414
ck_88ef9f85948e1a01,0.002348525617307772
ck_17bf38d51115a8f3,0.00576447753944748
ck_2659d1d3762a2825,0.012119986059559667
ck_a7285955e2852686,0.023236363363856465
ck_f2c33d5b65b321db,0.025566022804446444
ck_83e5979334345622,0.02102805113017596
ck_629537d8b4d0f395,0.0067573158983359844
ck_72022008a92c9386,0.047636739574074216
ck_2973b8274f0bf69b,0.009811808786831478
ck_565e3418d2f4061c,0.010104916092835762
ck_54bb53b8f8ea32ae,0.9963377057306302
ck_af0a6540ea7a36b2,0.005150042044205578
ck_888651bfc2c8cf70,0.009532363610810172
ck_1dedcb48ac381a1c,0.1133812866730433
ck_f73273e220296be8,0.007568595196766519
ck_8424bf65223a5a9e,0.005670644000658499
ck_337b930fd149a696,0.03119568187380783
ck_8a4952de8a123ef8,0.0037771459568066846
ck_884168153c9c0c81,0.004163456438265526
ck_fdda581aec411010,0.0017500717596502851
ck_2b7cadbc8b180d32,0.9181319096685687
ck_8aa8b9968233a1ab,0.004100078159185536
ck_0af18b3ce015d294,0.0021888620171245667
ck_8dde670a735d1e90,0.07718912589780025
ck_62f46226f244139f,0.05191405861102975
ck_f948e8a8fdd79b4e,0.007359066154056164
ck_fa00aa0f3e859904,0.02675830073727377
ck_fc7935f784a4f249,0.0030083490859547815
ck_e7501307c0698e5b,0.01857938645471741
ck_549ed417f2834cee,0.032322116556074414
ck_fb2a35571ec719d4,0.14426069972765906
ck_25822068c86c856f,0.0009663542097397552
ck_8f35d229b62c8f23,0.007111042415658931
ck_bdcf049c1e7d0c95,0.0032796683691644606
ck_0aa9db36eb16422a,0.0012513160534310304
ck_42dcf92e9e016922,0.07783213058053305
ck_42341cf31c08c981,0.007748509035519089
ck_0b20bfc515ba42a2,0.008871683645262153
ck_0ec820b670d48098,0.0021477145195081164
ck_1f0bafec397da8e4,0.01553024270997811
ck_82f07504ab59ed33,0.06286164223027958
ck_337b24a474010abb,0.9987066210426843
ck_703703bda38fdcf8,0.006343027804542537
ck_01e7960c63dca3a4,0.937383663462454
ck_be5bd81e3715cb8f,0.7978793947528233
ck_197f8058cea1fbea,0.0007697470485419944
ck_eb3fb1106f2f1b21,0.044976739945900526
ck_658b4b54be09a4bc,0.996067080948827
ck_266ce7ccf41ccc50,0.009070208794083094
ck_110608c3b03d4038,0.5196293917587778
ck_1be8cb95d6d9bbf8,0.001397918292460508
ck_8e16a64a776afa82,0.5162384777625121
ck_34bd190d37eda534,0.06933756223908055
ck_4f521611ae14ae66,0.0005933827961390476
ck_d839798f9520363e,0.02600504773631081
ck_d1bbfd246c0ac9d5,0.04141759624027415
ck_f19030e6e85a6776,0.11541845447640567
ck_cdabe60ab59f9d5a,0.004018812643935557
ck_bb84b2b30293f566,0.8077171382153185
ck_427b91925952cb40,0.04255165436623727
ck_1078b1e155b5b640,0.009289238033690172
ck_95fdc264eac72fa0,0.0016170816845225906
ck_e35eb857c61548b2,0.7684511376572306
ck_69bd0b1abea7e1f0,0.2835067570982921
ck_59de511b20c842ba,0.03690479391713851
ck_168e7ea341a36b80,0.0059713531752166775
ck_4937cfa6526ea138,0.03858522786595956
ck_bb1a981306b750ac,0.07006442288316089
ck_f42a43e4c3f34ccd,0.007074325183431272
ck_c7ae1d4b3ab38185,0.002841544545597955
ck_bd23cf9bba1dd33f,0.06479618226363267
ck_0fd826fad7ec7cd6,0.02564886639109582
ck_f143641bf3dd0414,0.051565697860132154
ck_ad6d48c20a3688a7,0.0009784562827465622
ck_7bda5b5b927b2905,0.16036878786611997
ck_a337eb38eefdcc88,0.07145678658214118
ck_403da2a2d800df9f,0.21259560901188226
ck_aa01d5aafde73d0a,0.00248011950551848
ck_494954023f0eb309,0.024557344934122812
ck_1c6820fc38135ad9,0.007482020496857986
ck_0e0bab173622db9b,0.10089616108603533
ck_547090bf35a3b243,0.009912790400305386
ck_d69455220b21dc9b,0.004435234608945085
ck_90b4ac695b9c6bf7,0.009371984016289501
ck_8d2afe17c0082e6a,0.04298806784763638
ck_926b81c0ba528eee,0.005673512627481094
ck_ce36b0c287bd198e,0.044293765476921196
ck_8026e017909aaa6c,0.005218144436493989
ck_dfba788f35d4c372,0.006020768632878347
ck_f09f9d0e0886e0c6,0.006920898981498441
ck_4ffe0366df388604,0.007311584371423854
ck_75bb521de55644c7,0.007491028693348214
ck_81a960fddf79ecf1,0.987730250901327
ck_8f43459991ea511f,0.005727059824563228
ck_f878b68d66fbfd4b,0.0017025748821656173
ck_e84abfc0c747c9dd,0.9300704856174744
ck_3ad3fd3cceb56b66,0.9556685621073526
ck_7cf562578c7f158a,0.003420214231801988
ck_f81a97d350397306,0.029766354058813373
ck_255d87b7fb40caa5,0.02301968523891018
ck_b3905153b9eee924,0.00894370903781659
ck_2c80a592fb4cd6a3,0.0023389688844352766
ck_57deb202d4188a29,0.004866010135890617
ck_e3cb5f31d8e94448,0.9674862867797401
ck_0db62d5f7f75f80f,0.017056525408793922
ck_ced9163ea85589ea,0.09400271303976578
ck_e16528edc694fb33,0.9285225407895721
ck_78cc5ec4940fec3b,0.0030583346263802582
ck_31742076e9a998f8,0.012128310656928609
ck_5ac335f02280271e,0.051534828731015794
ck_7cc2e091806cfa5b,0.0391073071481817
ck_3152c7115257f084,0.013030165728958551
ck_ab1b9d019921bca7,0.00969739168358357
ck_c33a762d98f9b290,0.0026429470564887465
ck_b16a7c51b6f7a6b1,0.02887484372428206
ck_97402a153348e68f,0.004209245504026709
ck_95391029a21caa24,0.032855230255683134
ck_c2015a1200971fe9,0.01867786607616883
ck_ed4427962c68918c,0.950971944726406
ck_c5e4a17d3efb19a4,0.2720579081531429
ck_8aec3d3dd51517c2,0.003341526944880278
ck_f5178a658225d8e4,0.001350817344403067
ck_8594f165e95316d2,0.002063385598442141
ck_f0c4aac04076a6dc,0.012672297798752495
ck_ac2f7397801036ef,0.006915450708640128
ck_d1ea4bcc407c7d5e,0.006541897710698122
ck_cce8b6657a538fe0,0.009246980946899134
ck_66d0c6d6b67a8d58,0.003785080578303982
ck_1a6b30320835e57e,0.006422981487150232
ck_8cd274cc85aa35d1,0.03657518951118303
ck_ada46085a78280e4,0.006766698823281043
ck_ce1b06623e4a815e,0.0028948092942957275
ck_45e70c8a9686580c,0.06747266529607063
ck_0084d8ab6b1044f3,0.002651612312884937
ck_a5f7b6fed6df2aba,0.040734420069881094
ck_94940d783e7988e6,0.020898221152283555
ck_00f9ca84d1d8ae7a,0.0020188225025720755
ck_0deb56f3f6452818,0.006433119396415476
ck_a58e900469dfc3f0,0.03619712167097443
ck_028c41b195280980,0.0015968925587526528
ck_7661d7ceaeb19f97,0.01292185048174556
ck_6957905a65c47879,0.016703732719459914
ck_f7c6c26ef3c4ae06,0.016532553810681586
ck_8777beb11aabd66d,0.011792766848723676
ck_7db098a17374bbf8,0.9472304553309212
ck_66aeb00e44486cda,0.20808801673630023
ck_838c52cc1d315ec3,0.04093706237013457
ck_1745847cd4e5dc83,0.012697379758043574
ck_201687857ec8b3cc,0.021336920810989167
ck_81818169208a8cda,0.03467658339124946
ck_3303fd3f64632c7c,0.05166954280582162
ck_edf1096809e83ef8,0.0025342802961687626
ck_235ce9603c7dccbf,0.041131223804684834
ck_9df7e153868bca13,0.012510274434387271
ck_3cfeade2cf270fee,0.009460006568485854
ck_982b0bf2e2b6c4f7,0.0012072332122371658
ck_faeb0da678bb86c0,0.002797815880132493
ck_e86ad2fe815b6ed9,0.010112093977208716
ck_70d69e5d1bb99e85,0.026821559888528936
ck_7e9a8924eab779e6,0.9946404132414648
ck_019d5891103e7da3,0.016222157264254095
ck_14f0484b3817eda5,0.019113848591729092
ck_85de63d278f0fbae,0.002016459929843629
ck_ae91b4cff57fb3bf,0.012790331552637455
ck_2a6d43b9f883b78e,0.6486116694774625
ck_7a4e3d553e8ab5b7,0.2928242634149983
ck_fdf89dc69f700f84,0.18226004168614937
ck_f92e04024bf13558,0.0017617996076754437
ck_4a522ca2dc4831a0,0.00039754577007848895
ck_68ba25dc3385fea1,0.031081622085463695
ck_22128a4f0d033422,0.019701291178064625
ck_5b52ee0a13c71590,0.0028109071086054446
ck_59472d17debedafc,0.013334813582138744
ck_9dde2c63acda3ba3,0.006121240253347145
ck_7510b1023cd08531,0.016250206967597047
ck_071ddaaf2e4e3671,0.0026082193787634244
ck_1355db6f4010232a,0.01173984546115666
ck_0a7adc2f27f98510,0.08374294322046563
ck_68250033717cd59e,0.0033436256365523723
ck_7c12de74de30b788,0.19021848459766574
ck_65491367584c730c,0.012237689646579996
ck_e9047964952bee70,0.028451998858109298
ck_5567779d6ba184eb,0.020262396622454475
ck_d6ea026357ec6477,0.012526166880124704
ck_cd7dcc884e283746,0.04271129240629085
ck_0bd77fea8ed75a15,0.007494669904107243
ck_e80883208e8d0453,0.007513157932195677
ck_2ad0ecbacd5acf8e,0.9921374917464806
ck_6c1dbee7e8fdd5c8,0.0019641737438532863
ck_ee4d9a7449515908,0.0027871229549195986
ck_636111f7f030496c,0.012468770363841244
ck_2c629c657f73941f,0.01300854943383355
ck_c1c9d3842d758420,0.14519254207908244
ck_e4df7faacdfe8c40,0.02324352418887182
ck_94e8142728e44380,0.031002198662440947
ck_765aaf42c5088545,0.01042283514468467
ck_e0f845159b6e6a4a,0.02355117951193648
ck_5bc07deb82edbad7,0.002400530168135338
ck_713159c5c6a7a4d0,0.9982499374592602
ck_b08afc91d9ca55db,0.02298466621444944
ck_a7bc323ffed2ea97,0.6524725947980372
ck_85ca825f905a34a1,0.03706302983489886
ck_33160c443d4b3f19,0.02604698851756056
ck_832d39c590a3ca75,0.743211365642801
ck_7d1661a34164406e,0.9850156150470317
ck_c2466fc40fc9d5ed,0.9907093282463462
ck_ed0e776c0926ce67,0.05830110868917178
ck_cdd2ebeec75bfa69,0.1891138638358962
ck_d7877684c7923ec3,0.021168552006825728
ck_7384d4d2406aabf4,0.006988938216350674
ck_b8e5244e650aa81b,0.03152172333588514
ck_25a1ea40b2d59254,0.0011523239952777767
ck_b9e5b318ee4de68d,0.0030036808784700128
ck_620d7ae27af83cea,0.0049391733876351495
ck_40b4e264d1a12b83,0.9693560505105795
ck_b694c803b62862b3,0.0020651461429109404
ck_cbeca201dbade3e5,0.03986167669516012
ck_f9b439c9161c3e52,0.005137415763254068
ck_9880410fcd10a28e,0.003629424131573312
ck_74928f5f91aa12b2,0.05899154462830543
ck_b6673bbe61d2680d,0.011181239146109448
ck_53c8315b5c30acb4,0.004731078327768532
ck_78f01d78ea79642f,0.01900506331178233
ck_8582490d6e365a63,0.01854659945685874
ck_af25c72d16299258,0.0019418569841247663
ck_7905fe8e257b0449,0.10568390777750969
ck_0d16d9349e4a9e08,0.009599678463270213
ck_31b16b8848584e98,0.024061704770589287
ck_67207e3eecc02d76,0.020212587354274125
ck_e6b95ff91116a592,0.008946688960040854
ck_c08f622bcd6de6e7,0.012116411842012457
ck_f9a68da9e0f0bc85,0.0044379671151198894
ck_4072b59388976896,0.006703354774941922
ck_8ec86e853ad52828,0.055097548115800074
ck_4fecb87eaffd5cb5,0.007164375088407453
ck_d6880578428b965e,0.11104291950828858
ck_bfc82b3c1c9f2897,0.9028827111985347
ck_c340644176ca03e7,0.025741569726615933
ck_321e740066fb05c3,0.5702156733425506
ck_8929d2eb09872052,0.04246027920282907
ck_205c107cec528414,0.534113018067448
ck_e76db7d2562f9836,0.01981356182071811
ck_9ede51c8434cff6e,0.013166037415742807
ck_492e4b89c61b7b6c,0.007929398839634555
ck_9385f5a1eeebefcd,0.03145624776020231
ck_ee52c7bf88f952ab,0.008722558518211918
ck_d8116c34302021d7,0.0019555363793599093
ck_01645ea51972e99a,0.030363809128696184
ck_7b45ed23304a854b,0.01920187771344272
ck_2096d32f3d497ea1,0.08422414792221411
ck_dfbb2056f1ef7d3b,0.02076942104124514
ck_938ce30c864bc7df,0.0008512154104022768
ck_ff30dda2c881a4bd,0.6421287310946454
ck_f88c79186a082beb,0.014572761714875872
ck_08c7bb0f9851cb76,0.04101382226276921
ck_2675e7a008e584a7,0.051014205190260606
ck_cbaf8a954281d4e3,0.9866760000273608
ck_8b24eadf6c72b30c,0.487596237665301
ck_ffc8e3c1377d0706,0.0035327989633139774
ck_5b59e859bed5b40e,0.013004381344140017
ck_7b61717f172f9317,0.974225145157982
ck_e5c30947b732f661,0.23634385905754862
ck_bc273f3ce79f7e1a,0.006132850041106521
ck_f69e93388b3028cb,0.09822229484622343
ck_3837ad850996ba60,0.005217725988928946
ck_36d78ff3bc033ee5,0.007864912152642246
ck_5e20953547ba4135,0.16118537872046662
ck_258d661e450ac870,0.009872443380411254
ck_1df66f537496ca59,0.013259462748982556
ck_361f535599110201,0.008112066672722039
ck_337e98c69f6e7886,0.009258038096223003
ck_d3d5b2717cfc3913,0.04276004293534616
ck_b1dba768dbe7affe,0.020678113572118663
ck_92d782bd9ce0d1e3,0.013219864161143104
ck_26bd0f8898afc8ba,0.0011614012091377295
ck_7916e53daab36745,0.07396477305392916
ck_2caf553b31831a50,0.0018950052991929893
ck_c6200734c7f9b2f9,0.9789774550355177
ck_cdc55623cb16e6a9,0.000657710516323894
ck_57849e15b61c43b4,0.009684886567930213
ck_b7af9b2ee0eebbc6,0.01547331947025071
ck_00aa5fc3b3bc66aa,0.05650338140863864
ck_9929723f65636c7f,0.9975621468255791
ck_8f6cce9f69912983,0.013276844489210496
ck_c422ba389ff00781,0.0010720515246302837
ck_9ec7f334604a228f,0.009251928675806737
ck_5d01200ba3341462,0.009703250359909515
ck_2bf10be403849c9a,0.009739511552535319
ck_6ca018259f70858f,0.0036704489392626748
ck_a54dc042ebb7c766,0.3822837623777993
ck_79da63fc100830b5,0.009713817524135013
ck_67ab6f9e05c85085,0.00850410760092106
ck_fa80da579ea9afc0,0.014257612446866585
ck_4339f86c87289222,0.6238832961001872
ck_a2299b4f530be0d6,0.2506093626275273
ck_19db0bf788697c2b,0.006491599096526979
ck_fa4211c4d826d830,0.0006380361215286678
ck_96100d5e8e051e91,0.006649704126595121
ck_5c3a671883d58b3f,0.0006161733109905956
ck_2d9524787cfe1ab3,0.32512874379574486
ck_47ab8e51e5b3a2d8,0.0036974232149369173
ck_c924f36bc1bbbaa3,0.00597868857823007
ck_5c58e7f8fd55e26c,0.001230666961643561
ck_a07e7409d6d5aa06,0.013784378192260733
ck_c8413898f5f7cb7d,0.0543914693782191
ck_577c816b41cab002,0.7708565400612435
ck_9f7807ed64cdb728,0.016545548577436703
ck_495d814d6d6d521e,0.001929957868870412
ck_7aa8bc018c2b003b,0.004458513015587042
ck_7c3a6a82f3c3241d,0.006411600338536382
ck_487f7fbc290e4ae2,0.004297417131764542
ck_e556c4d36aadbe03,0.0010618637102674884
ck_7e6569a1b2455cb0,0.0016209079526536038
ck_de2924955926d046,0.02015501348997963
ck_73d60b4630e3937a,0.0049641566802991945
ck_805ee564bd35ef15,0.0891855665857746
ck_0d40961e47797027,0.004351409549168357
ck_f06d00a4f9c87d80,0.0024943029420310516
ck_5ef50fb07b6737d5,0.014574343304751509
ck_16541fc15683e21c,0.008993223391630095
ck_09fd43f1b7e2eca2,0.002748624189518703
ck_2a2c336a69b8d68d,0.051655761669263736
ck_2685f38930866af0,0.024531276379456023
ck_298278a9da874437,0.007600345771687108
ck_00bd7803f2530c68,0.014538236696554614
ck_c2b4a1d8c0b6c1cd,0.0008044254820898629
ck_2acb54ca20c3af6c,0.023866051491913974
ck_e3d4b6f681c783ab,0.0399764262793503
ck_f90293f1eba5d7b6,0.03878382305834804
ck_e69d27e8965df0be,0.0025674858099067346
ck_b7f5d10b427346ad,0.002340482621035961
ck_1ce20e4223a936b1,0.010380006420461172
ck_6b97d1ab90f6bdeb,0.04305454483367902
ck_e30e17db5473c7b2,0.0012872671381338196
ck_154c8efb19dee665,0.00516065855851985
ck_6f5bb0c930644cae,0.9976003041375483
ck_9e17699baa83d173,0.0011887670284071565
ck_9693b1eb70880205,0.010276190830889828
ck_1e97899875bb427b,0.0039792676791539205
ck_558a82590f65df69,0.0007435512898311818
ck_18df83242ff3cdbb,0.03850161364655138
ck_80ad4396e1084c68,0.029013800285943997
ck_0a993bc947bab61f,0.018697770504399133
ck_5c2d43ff841632f9,0.004107586930312852
ck_6e4b99fb9725d9fa,0.014384443454102284
ck_e0983999ca26c19e,0.04328647054022789
ck_6573c4947cc8607e,0.021898393026509713
ck_d879d645d6e44207,0.007637011223821037
ck_1375ad9f10688e4a,0.002352799737294973
ck_7501ebbf4e21f160,0.008611780124679221
ck_ca60d61cd4dc3bea,0.002730327044281673
ck_ab9ea095a5c58b4b,0.009388325283466052
ck_23756522b58df5d8,0.001522793128338979
ck_90bc176c43d85fd5,0.07783575688702886
ck_908b663b2dda94ad,0.07978870031521432
ck_4df2fb8e4b649e27,0.004316016028141972
ck_5615c6bbdef05291,0.23189823027803425
ck_b62f3e3185251f71,0.0010749239134420344
ck_38d1a22850178f33,0.0022960311776407073
ck_5b3ba20c8bb1383b,0.008900972716534197
ck_5576ffc6aaf6f22c,0.0013940583141343423
ck_cf7a022178165e56,0.006094095045565135
ck_f2c7a4c50e2ede96,0.016934792323269693
ck_285719c77eadf915,0.0013870037216411823
ck_f2aa1b677619ab19,0.004701156388642342
ck_3830c58d841e9e69,0.8008327345342839
ck_32eba3510c8eac5e,0.00655332495050486
ck_8955d7b9030d5eb5,0.013096423682129897
ck_6775e387dace7525,0.02975358236268819
ck_0a0cd7f4be606a93,0.0872820919608534
ck_a9f700eee5d638df,0.003931523095445307
ck_3d7db96995745472,0.01886845396449737
ck_aeed557007d52e9c,0.00024105470357786317
ck_79b6a86830156b5a,0.023464728181799458
ck_6a1ff9d69466181c,0.9976988291497252
ck_f11b1565f986f5e3,0.01705208876771861
ck_4819327a78615485,0.0018447360666934624
ck_3ed9e081959b2f5c,0.013447789253840907
ck_16af4be191c47d3d,0.0004300589058767451
ck_25122cc0e8b1a662,0.12120022616224399
ck_509c22828d467ba3,0.03154595087838058
ck_31109c899336348d,0.011263983620159377
ck_c51131e53baa59c7,0.0011472494939859413
ck_cf8ecabbc61d3e11,0.006491565425180756
ck_eb6baff0f85ba936,0.06274133669964796
ck_777669e2243204f2,0.7628841548580717
ck_ac0ea27e692acdc9,0.010360090998883242
ck_4c6ea04ce8ca9e2c,0.009852844323777522
ck_ca54b32fca7e94cd,0.004563026308236371
ck_4dfd8947f540eb24,0.011981527363442919
ck_95aff1fe27fb24bb,0.022271508516102618
ck_c7550723b90e5615,0.002158249426365934
ck_57b3fee69bdf85e8,0.0032138282188631405
ck_f823407ace7ff064,0.03631177537398677
ck_a69084a068bcc8aa,0.04003138847541002
ck_c7b17f7b24bef5d7,0.0104853722184818
ck_7c4e588f927c27c8,0.011564222032094645
ck_77fdac602d0c6f95,0.06250616820462863
ck_e963d8525018d072,0.01654381706340305
ck_6e8ebaea8f7bffaf,0.00048648653599674065
ck_aa42976a31cb7770,0.003978479473833797
ck_22c862a496008c96,0.9993854032281231
ck_527550dd15f38782,0.026550331295978988
ck_b3ab3c210e2c7c19,0.016832032545407577
ck_ed9c56fdb9f45ddc,0.12761803320647613
ck_b53281da70defcfa,0.010690575331495514
ck_03009b721568ee98,0.030663685660660193
ck_3d9afd862b3f4053,0.36900915056459427
ck_ad3c4be96599554a,0.003402457495832229
ck_d1c787c27d50af49,0.023993845194843717
ck_c7a9c7b2eef46a99,0.009584531772760911
ck_53036d3c6c74446c,0.23614729407642693
ck_1b1efbd9c0964c8d,0.025527496717156307
ck_d66f42a269d5c1ed,0.007382722903478546
ck_fefc49a2b8ad993e,0.010498524019158347
ck_8b3b874249adece9,0.02554336260165509
ck_193d9c87ad3f1dad,0.0011469959445083845
ck_0c6a50d747593b7b,0.00970473509843425
ck_c830f3830875b47a,0.01245792179091515
ck_79e202f06d8dfe42,0.024873992021493072
ck_5c0fe988b8aa7fcb,0.1413972115928856
ck_a8382d8345f21e1e,0.0032663837637122825
ck_8cb20053914692d0,0.024145673836851664
ck_1da2f69023ca4c13,0.0022984570444205253
ck_38abb60995114f8f,0.03440803881551161
ck_f5791fd8fd8fd191,0.01645337458957633
ck_a4e6fc391b674335,0.5989353252490118
ck_bd771efb4a7e15d0,0.003934239711082394
ck_38ba4a6b6a292054,0.03981009530708219
ck_f7a07283345a0dce,0.0008628631519601428
ck_87dc484baaf5a23a,0.0014596616725944904
ck_c84ef83489badbfd,0.0074531696749403084
ck_a397cd64ec5d644b,0.019673539222716148
ck_7977135c2ff61e92,0.015018882523073564
ck_52174855b243a8b0,0.0423813739201611
ck_0f35e930d0614613,0.9938409819222211
ck_b170a7db522a0d6f,0.012006148687569967
ck_7af748a23775bd54,0.05452362515674095
ck_52f641c9ee6fda70,0.004270226935537389
ck_c3719a30414bbb4d,0.00640417516719263
ck_2baf214ad6bc0dbf,0.038885296562951366
ck_8b39d8aacfdd72b4,0.00419052002603718
ck_d39b0152116203be,0.011304095110161184
ck_ed33f8a937f9c7c8,0.007820115988302083
ck_8ef97b55a5fd6ec9,0.002914780834527852
ck_8247f008a14bd1a2,0.0035682552411533445
ck_f0d349d68249d5db,0.0019037882685429758
ck_a544e766540861fc,0.00656875404907168
ck_9dfaca4c7c80b10d,0.06311623778035917
ck_7e5401c362b2216a,0.0013199434285176407
ck_64ff60c073fdb6db,0.02980673228483702
ck_fc5ea49518e5d637,0.0027085652002127583
ck_580f136ced341298,0.0032566390545870883
ck_9cbef9bc95449dca,0.01520786233570338
ck_e475a3b8ba870a7e,0.0029466063192905337
ck_97e94708bcf43563,0.01056798259854489
ck_13f03ec785cbdae1,0.001182442141759525
ck_152820d8817f478c,0.014184477458353351
ck_d20d4ba60eec9945,0.019474135949890878
ck_5c45968a805132e0,0.03304564697845113
ck_bebea2cf3063fb24,0.008931541373368853
ck_c3c69aefe7ea1d2f,0.010299452697202664
ck_02028b72f26fe855,0.00817666447013973
ck_dfadff70a58a9133,0.0021645308607642975
ck_6482ed4491bedcaf,0.007691481929457194
ck_754cd7b4a5ae3f94,0.028768248113364765
ck_3132857aec8485bc,0.0010304395861807749
ck_7ce4ca91b8f9f1c1,0.021966668069718726
ck_41938582f4351772,0.010293526751796503
ck_f87d66946252476c,0.26188368987068683
ck_8053f1879a9b4e43,0.0031377231264142075
ck_93892e91387f5103,0.02379801203531482
ck_15254db133b28371,0.03569142442211954
ck_d557b9feb241b3ec,0.0008897302171737505
ck_71c3a8e4c12c989f,0.00508233670419021
ck_80e3041811033443,0.00918028736258213
ck_3380d60067b4634b,0.00074747333474855
ck_a9c2cdc758df8510,0.02768946488652289
ck_3c0031d7514da17b,0.010145256384514845
ck_18d214b1418be39d,0.0017852511740848156
ck_7ce768407fd48321,0.024785584717924747
ck_7a50abd42298133b,0.005287555771729094
ck_2db10f987d137582,0.036038296139893025
ck_e077d004cd1d80ae,0.00646288344369159
ck_1cb6dc67f9a321b5,0.018377808881686476
ck_b864f64101149c35,0.3290033541094091
ck_9bedf54df9418e4a,0.006356502074596035
ck_c47e32c47f0e6578,0.14853802650923076
ck_71f382d5e338daa3,0.004106480007956325
ck_14b4bf7be6ac2b61,0.036022322110990816
ck_5c87eea1cc07cc92,0.07549194906921662
ck_5f445182829ef342,0.024680539314918284
ck_a5d7311291caaa54,0.0062686995406857245
ck_b7df99aecef385e6,0.08827106576447662
ck_3327a0582407068b,0.016149930390700847
ck_08dba09fd7dab896,0.010226322187922783
ck_f4ec334be5266378,0.004141421409929525
ck_240f7f894c5a86e7,0.01225635845842879
ck_a9d994554fc14a02,8.956464339807e-05
ck_13648cbd306eee6d,0.004189454313363904
ck_601edf9105b3c321,0.9946499870328859
ck_9527adac182abe57,0.2029996987268866
ck_4e0e80f5cc271bf7,0.0012456856828844639
ck_96a89e720176b389,0.0994651915188168
ck_63560eec94b76d2f,0.02117659279042073
ck_c9c99e5b19aeced8,0.0005923903553506056
ck_bc32655ee5ed643e,0.01436303395844613
ck_edccb5a93b741744,0.004871427680302864
ck_f786cbc987b70930,0.0022110166833745133
ck_0e8f26536ccc8947,0.04035472745446837
ck_b87ef4b98cfcec4c,0.023509150137852607
ck_1a9235812de4b2c1,0.015075711442802404
ck_d1ed88ea4211ba4d,0.0013191563729175425
ck_a4ddac49657a4450,0.01206628665460568
ck_d9ffca35188e49d8,0.01710193935394642
ck_3db73bbe03c3d240,0.0013388948365482317
ck_fffa0622344a36ab,0.001191980671824555
ck_148c28df51bba5e9,0.9116289669709784
ck_076cbc25c8f15fc3,0.9166477655408135
ck_e5ca550b39ed45bf,0.7004144936574573
ck_8dacf3a2061ca17d,0.007938473893922385
ck_2d7394afd61643d0,0.00798567688629521
ck_e42206e91f6a1752,0.0011713107766991686
ck_2f4f94827984c426,0.0011297899133764448
ck_edfe8e90e8f4366e,0.002745714253736224
ck_646b15f753e5e9c6,0.041168689476621285
ck_66600620149c8799,0.005957190053081824
ck_4ff6fc70bccfba96,0.2688299952763225
ck_41af3729590c2484,0.010020688485661233
ck_920a48ba8c583e96,0.0026364371444752783
ck_0253b3e7be021306,0.001255700472495386
ck_2ae6949246ea2648,0.01183977816876087
ck_db23a5100f338d72,0.006169473809727837
ck_fcb2a559474c3493,0.016707938715511326
ck_0a4d7acd2a53cbbd,0.006290614077972221
ck_c5d62b2b7a6f3bac,0.9963293563605352
ck_cf59f4fc0ea690b2,0.004840027907712662
ck_837be8126bb19250,0.0016705923876372331
ck_58955542edee1adc,0.00861255005380911
ck_1b93381d8eea58d1,0.015282268604676928
ck_97b8e05d62abdc14,0.013189096928806194
ck_71a0d645744302a3,0.008283756040287174
ck_a7b57882ab66b111,0.0019105918996291111
ck_65f76421be648549,0.005082283593214059
ck_b53ea8713d32ca7c,0.015350348208905882
ck_991c4c924a1d85ff,0.8119351494665189
ck_8432ccec1a4ec7fd,0.9979961029435419
ck_64c1633297f43788,0.004067771951275634
ck_4291fd9c1161d8e1,0.024412609402860715
ck_5e98ed6391d9f429,0.033322916226153736
ck_c7baebe4549fdbb4,0.06670615527529503
ck_6e67225ba59fa5ae,0.02647710327857059
ck_719602def4d35fe0,0.04524271751501217
ck_bdee7c86f5ebe81f,0.013125781234049009
ck_8de38f8c7f91961f,0.052544299061864426
ck_b0b5bf9254700402,0.0159214098813022
ck_7b55d9bb1a250d4f,0.022486994707614876
ck_3954b7b0fd1d6614,0.0005550148764331355
ck_f29471fe7c818d6a,0.01199336896505971
ck_9e65a8a2f587691a,0.013185629632044633
ck_eaec5f1a83b66eb0,0.14564816813413423
ck_004fe0daecbe2c1a,0.009908350740604631
ck_d17653a4a2d4a79e,0.015260460223843622
ck_0dd417fcbf19e424,0.017447530728311202
ck_4c99a6eadea143e2,0.13344216244095444
ck_74d602c907ee9119,0.0016370249898556622
ck_1aa87cb62acc0ac6,0.010879705848793941
ck_094974d75e29fb2f,0.06509052544824113
ck_5ef935ac3d4d3332,0.012287790538739204
ck_b26e4ae47c9107ed,0.14102956168030764
ck_396cea6f95186ad2,0.021369411222394843
ck_48446a9e8184c7d4,0.0019034971635184408
ck_31e1ede23247d56b,0.06751106548130764
ck_7afefa349b960a3e,0.018098702188579688
ck_f5e02a3432571b20,0.03736655280804096
ck_64eefec062592c43,0.011775590215178834
ck_a1201284122c141f,0.027909217494212716
ck_1b34c420a4c85a95,0.011034719457616275
ck_d637a011332ba67a,0.008660697621912645
ck_99c0004d8b7079f8,0.004605829631300579
ck_948517bad569b40f,0.07116020249659197
ck_a28d6b1601b472a6,0.04227278667424549
ck_a0b4209feb31f5c0,0.9981945296275306
ck_d6d2c1f6dfc455b6,0.36702603220614183
ck_3f9e6d356d3dd3cf,0.0024237596546374178
ck_d08e00c842b75176,0.005333120081425555
ck_bfdd232a7c5f2660,0.02822732813358487
ck_2cdad03ed069438c,0.04044449950754695
ck_42317c3eabd0a285,0.0584403591882944
ck_3eb73e56751c704d,0.02725556238045809
ck_ef33c04f4c9e3758,0.023379619871258497
ck_1dc23dc870f1773d,0.013436578580769333
ck_76091f357974a152,0.009623634407741926
ck_4d9eb75e8eee90fd,0.02920743690743465
ck_578f67e69e5d2cfd,0.002660071294192001
ck_3a8ce1cc724229b8,0.0011624575215826796
ck_a96887f841e80fc1,0.027330961704430824
ck_d2d4a8f4a9f2c33f,0.0024011107546239962
ck_11f85bc705dbe036,0.04509396403066611
ck_7429b3f87528e335,0.0017216775802049483
ck_26df74feac7ec51d,0.01876577888059547
ck_c78b2638fadd91ab,0.03383415614167928
ck_7eaad325abe3b50c,0.004939369793544347
ck_fd44e34af620e606,0.04208636473083005
ck_f99738dff854e25f,0.0015908491493221266
ck_1ffbce3a239bb264,0.004842933864497992
ck_96c7d52ba0a766ef,0.03206063698243646
ck_cb1c00c300af3f9e,0.03694715836670203
ck_ec3d12848ced99f2,0.004556343809170962
ck_26cfd7c3c6c7bf69,0.003740083989115268
ck_7ae86b5a885affc3,0.012286654248084535
ck_3edaa94d28cd48ea,0.00325478764512484
ck_3209c530c9812e39,0.006307854906269416
ck_ea62ebfc1f04b49a,0.002506114025124343
ck_5fc90b4668ea81bf,0.02380386118502047
ck_95654593cdebd141,0.0016293620232550278
ck_958c0bd61820147f,0.035071664285601566
ck_8440ef1386c07194,0.003679563840146222
ck_8cd1b68dd74b1375,0.2031737234685989
ck_c9eb4df91ff07f2c,0.03608065678616264
ck_c29489366c01fe65,0.9538384491502818
ck_c965fd6bec0f0ecd,0.03589372450695096
ck_84c402b23766e1f2,0.009701160435039144
ck_181f3dae03b87136,0.04099480693461568
ck_022a8ae79eb28cf6,0.8888326762775309
ck_469c17407d17b706,0.034584025016850636
ck_1fcc5843f39148a9,0.0031204247343501286
ck_5debd55f361b2ddf,0.004043773598393476
ck_28cb9b03e89263f1,0.0009907146494055913
ck_f067470743d3c7a2,0.05600956742159607
ck_d5d225ce41a1a762,0.018922145110950184
ck_15b4840922195ffd,0.010357774642712442
ck_6bcfa37c717f19f1,0.023296927566803665
ck_8d501a0386c66be8,0.1626404501951072
ck_1a9d6190c57ea7e2,0.48741378484684417
ck_c49832eabdac5bb7,0.003040605311367193
ck_b4331140b2e0d4aa,0.009607000299505994
ck_5efbea1befdefe1b,0.11671097966342917
ck_72ff52c4824072ce,0.01560563892242098
ck_ec3715add8bbb6e9,0.003060406524469814
ck_9822f8ed05335741,0.016067596355786664
ck_c3d7d3d12a1981a3,0.00589758373916252
ck_a115a7919ac5875a,0.04234935314953889
ck_4dd4ed23e0b927b7,0.21436249101917101
ck_4c76efcc1ee6762d,0.012336558464416761
ck_3ad6e7bf452c9b21,0.013636633770236398
ck_dcbab304b55a42c7,0.01032143972518118
ck_24b53090faf722cf,0.00540822401434968
ck_187317383400491d,0.004671089726627201
ck_e07fd57565c94c28,0.06775846496580333
ck_740e760fdcd27835,0.0007940878237344876
ck_d3796aebda1cfed5,0.8446586398785935
ck_e541967c681cb929,0.02383145692202207
ck_431118050b834dcb,0.00033646603915909963
ck_90f3655f0c8a0074,0.000915952608704221
ck_13cd943777651aac,0.03179312658976658
ck_66accecabf3901c0,0.02547684571669445
ck_937f0da2306b2eb9,0.004563664816357868
ck_105b0c93573fd5b7,0.2968836073490686
ck_00480407160e0743,0.00584771553254941
ck_e032068be7b77d15,0.01030682339466592
ck_991b7dfd69098320,0.003532493323174594
ck_37d47cf0f34574a2,0.0038597088580506348
ck_011551a596544f5d,0.002744394016803109
ck_9acd98f4fe2d474e,0.09710871061589163
ck_7c88d3d377bb61bb,0.023831821790718678
ck_e2374c7136c964fd,0.15466513474687954
ck_2fa8f2577116e9ca,0.039713484489387385
ck_d07c5b0321c685ea,0.12808413200669716
ck_bc736114a31088a7,0.014802137424093063
ck_32bb42f9bff197f8,0.008488962160733252
ck_66267bbad1f1415f,0.9894950834994158
ck_19988702ccd79201,0.0052703726671815485
ck_f473a03fbcdbc4b0,0.010581979695392763
ck_e3f1d85fa5d49396,0.0041114708219846825
ck_c4402ea6291df271,0.035764166887603845
ck_243bd5ca8c4ae5d0,0.002014145512351363
ck_f271e855925e8d6b,0.2426565841612247
ck_e424148c6f2223df,0.011115160823235172
ck_e4d0a9e1102a58b5,0.0025774470456409806
ck_91c2a5fe69b9b1d1,0.009097777971166518
ck_5fd8924732fe403e,0.22132138490038517
ck_9a881d5433126ada,0.0064096961731557826
ck_73cab88b29c7845d,0.03927594215980307
ck_5b5dea6476d4e182,0.01217816345621909
ck_ccccb17d2ca6ce94,0.06972691618965549
ck_cd1dc68e441222b1,0.899171649429763
ck_8312c49b1431a406,0.009416543927877939
ck_25fea39897f2a559,0.002965405241551969
ck_f56200205280bddf,0.032265006215889215
ck_7336611650dcc088,0.001745461077134955
ck_590716322ff147ae,0.021390116067332172
ck_c82364d87875a1a1,0.01319609165716238
ck_fa4b60387d744fc5,0.002108295011206503
ck_d841eba8906e9a15,0.0018156446760765397
ck_d6df562a79b9d0d9,0.005343612199782827
ck_59a14d2564193101,0.006239239915020638
ck_8530158e3d7f59e7,0.003435267114750304
ck_ac68d707006c12a8,0.013931066718218992
ck_976fac1bb3dd8c58,0.0384442927312613
ck_f854fba8f4adae3d,0.053594736208431824
ck_b98e9c3ec6e7d1e7,0.005226364393495439
ck_803c0b4cf9d4bc1d,0.015441563530571708
ck_76997a33c3ea5107,0.0020127068227474443
ck_f1a9d832b700bda1,0.9877393397677914
ck_2bd96ddb8c323d63,0.981069028548145
ck_9e5b7acf51b1b743,0.0086630443870717
ck_09169f22194fd6aa,0.005901177206254691
ck_6d69e092f9b0848b,0.029382993251429772
ck_9f83fa5a2d3b9049,0.012980457027767964
ck_57bbb19eecb4b87c,0.0036669656978261258
ck_e0e9cfabb979f428,0.00422579765819828
ck_b1ff9edc51d42f97,0.004079735496735954
ck_4682fad271d47eb0,0.9346566762327956
ck_ab33fb754c818ae3,0.06731430946159439
ck_b456f62b80e21557,0.0013568626325248135
ck_16340be3f2a7fffd,0.0018381758247376315
ck_ce66831f6611014c,0.004480512999452468
ck_4610a073bb54d1b1,0.014523963484740764
ck_fd038a7d33a9d6e5,0.006783529594080047
ck_c8198cb4c461304f,0.02283280439988088
ck_1e7de58822000dea,0.0013302316438892502
ck_b2a79dd3df560f14,0.059951369127634435
ck_74a06f347b32347f,0.013668718490169544
ck_c6fdb2972417c9bd,0.010802714925571236
ck_d7607a213b800bfb,0.07680806607824528
ck_df65967b8b40319c,0.0010463209665514373
ck_329a73dbd585ee09,0.006287324605366547
ck_74991a9e85c3b07d,0.008883492861826082
ck_bb76609b79e0bc9f,0.007192714862924593
ck_f7fc1bd0b9ab1fa4,0.021902859466330152
ck_d111c98b36bdb791,0.001511481014686325
ck_f07e27d125497b66,0.01331172724263891
ck_093e3a7134e11d6b,0.010956323002173135
ck_862c7953bdea48b0,0.010322577227884985
ck_392cf2cdd515c34d,0.008667103112633252
ck_80eb91b0b4001084,0.049705145007545116
ck_5923f53b77193a58,0.13412953384096182
ck_8049f5fce32be185,0.8220049826735777
ck_ebc5a2c6cf88e252,0.037702878220274336
ck_9ea5872f14cce338,0.015663679364442424
ck_f7fbc95ebf584379,0.002194558566654319
ck_bafe82c870356706,0.9848777220218046
ck_278b36c5932d9bff,0.0032704998963228155
ck_6a892dd5d05c1649,0.014638171185241267
ck_0734fd90b2cabd43,0.010517445594421275
ck_9b552204498b6762,0.023505044096815784
ck_f6c909c205767956,0.038181043747622566
ck_32f590e87bc3d715,0.0003808179458425161
ck_66a8325f28be7562,0.0031572503565427943
ck_b129261da9c3c3c9,0.0014187578365643385
ck_a524071c51ddde20,0.01511046373629883
ck_ba576d6d4cb6130b,0.15244747133202285
ck_8d8226520722af78,0.021938558033742398
ck_c5b0f0d4f1655a20,0.04359089003627828
ck_61814ae9b6d8eab1,0.009963512077133276
ck_382ebf136f7fa337,0.17484696800356173
ck_423ff4ede6a9f066,0.02053405603731663
ck_546ad962d04b7de4,0.9405868960313961
ck_9473ea4a01c95f9a,0.05594196886334366
ck_9eb1da8cd35a50ce,0.006034948950527277
ck_de5eaa2cdbcb67ff,0.07989828082434404
ck_537cc97d0398c922,0.05599562763833249
ck_998475a2e4dfad4e,0.009977323031076612
ck_e62eb708d2688fae,0.009519250721612109
ck_ea623358f704daa7,0.08007636403144903
ck_b911a09f328dfd4b,0.006524557133179576
ck_4b3506b624e5193c,0.04961227155901956
ck_448456f96788713b,0.027154575967826052
ck_5d5ef9e75f65d076,0.014834903869761776
ck_3b74512f774a6e5a,0.007296773455691259
ck_a032e8ac1507c6df,0.8020707467073287
ck_7e2d6b22a0ae20c2,0.028301308827446903
ck_d80283209c963f11,0.009726516815945095
ck_d1157eade2ac3975,0.012585691885765516
ck_be48f583f79427f7,0.025669374307621465
ck_0027b5d4107d65d8,0.09858748562449297
ck_94fff69584dd3b2a,0.018875380522946694
ck_75fcda73f0b43557,0.004999266173015585
ck_a1c78972e4ee4082,0.01958929150031991
ck_f0982bbdbd122f91,0.010245086733721424
ck_3199b471575aeb3a,0.0032674933571939816
ck_7fa947a0b1c1cf74,0.03898195656361096
ck_a60c618b7f0e4252,0.002310414109991967
ck_722ac47c8ac9b6c3,0.15493185605662044
ck_d44dc3839a195c8a,0.08058123198994575
ck_a2c3e82fab520483,0.011452943881982936
ck_6f8ae0319c07cafe,0.0029049094399320576
ck_49886ff1e2c759d6,0.01751434751577948
ck_150a1108f936e6b0,0.004295765131939612
ck_e21f9f96f597695b,0.012890638972418813
ck_7297bff2b7fdcbc8,0.0005749486087816165
ck_ee949c71f4f702eb,0.9994095939878025
ck_6fc37dea4b4f35c6,0.05502847281911758
ck_e76257caa98dc25d,0.9927966553890509
ck_828eef2334e17b3a,0.010229833174540426
ck_604e1b8a8c693aa7,0.003728271099464442
ck_7743c9fe037d1f9e,0.05643305422056196
ck_864a11202e19e812,0.17198937350964907
ck_4ec040b9e3785e4a,0.0014551034386618036
ck_7346e4f820d9c00a,0.8398314263581479
ck_48d4d63beb26b623,0.00635112509623971
ck_c423aa6de3ed1e01,0.001618192741112891
ck_d74b2ead8aaa3f73,0.015132377732216566
ck_1dd69a11daa7bf1a,0.030145505446890583
ck_d9143e236eef177f,0.016113803763373017
ck_f790d91e5ff0eccd,0.19385400702013533
ck_69b5620e00ef5dec,0.0010892853833428331
ck_cd32e58e8a1c0e85,0.007936669875440557
ck_064013b0957d87a5,0.9967874258449996
ck_a481385c2e60dc4a,0.0012743614502314063
ck_d72035cb29db3aa4,0.009971450653894563
ck_3759939a0205306d,0.011113037556786285
ck_f437a53fc832ec95,0.5321996890254133
ck_260ef2f3e6434819,0.07737468638416094
ck_35e411b05d22f663,0.013876559451460817
ck_8bf46e472f3e20de,0.13098880936284651
ck_d546994fc5d3e9d1,0.010201263029997616
ck_6ff0fc7487e737e7,0.14662380358252072
ck_5c67f27816ae0b6f,0.01034951826732373
ck_c5517923458106ae,0.003257882377990247
ck_d9735647a6b0b0a7,0.5362044704882897
ck_541a734fc457246f,0.034457615920108424
ck_2f6a639468f41043,0.0023181393347174012
ck_bea2cf7a6b7bb900,0.0038612611094952327
ck_7eebd0e6ad6c070e,0.007896782134942725
ck_b64c87d5e3b10e6a,0.6631326376972125
ck_9dd7daacb7833233,0.011702199050556401
ck_396e9ea9a6c6d7d9,0.021154021146344383
ck_1645e6cc53fa99ff,0.021486817031327512
ck_ea2a83ccb8d57490,0.013683103272021662
ck_e64f0df63e1be595,0.022130658765278033
ck_fa0b234481cb57d3,0.04707263061955064
ck_63379e3c9fe6f711,0.011827411456409346
ck_c67f7944896a0310,0.05438507349908431
ck_c10e54c9db29e6ef,0.998087849181042
ck_7184ad7709ae4c80,0.03513896733863738
ck_f8b6069d7577fde6,0.0024603179414147054
ck_18444be153bac1ca,0.959638321023612
ck_d0982b4e0e118e4d,0.025181381725623245
ck_6faf3e6820398866,0.009555148382425223
ck_97e980463aca4644,0.004758920674043805
ck_630c835243c66b19,0.9983191909318154
ck_fe429ba3e1aa0e4f,0.011718021944762689
ck_1058129ed7b48c59,0.02102012926631424
ck_04a1a46f07885296,0.020367605558312
ck_f01e94331067edf6,0.007389295836500442
ck_77b2fb17c29f5e72,0.02462031479437697
ck_4f0c5857da45fb28,0.1832034651309209
ck_2cfb9a7775e8a5bc,0.967585495310207
ck_6846100e43659bf3,0.005633890774973323
ck_f89719a854fe11d7,0.018577449567712942
ck_bf47375e41ca3bc0,0.0022103604286350487
ck_2770b0400a7bef08,0.0809556349253918
ck_2a09d142de1c77ff,0.014025059002068296
ck_857a1f5547b9ad68,0.008489599147571272
ck_185f15b1523bbcf4,0.002132491276267165
ck_ab2aed614ec1cdf8,0.021321891649751394
ck_a9e7f3b2d5dfd97b,0.0022656568594319796
ck_0eeb3d9b3e697edb,0.03273389779689768
ck_fa5830d81bc8ddc1,0.0032278121434888883
ck_231ae0329ebc3220,0.009038817589956784
ck_1587763dd54688c9,0.0036299977060381817
ck_9f85fea4490c00cf,0.013725416198770548
ck_a2d709e7eb91e4af,0.021450471953711706
ck_43637d28c7216453,0.002503669769822204
ck_f3ab5dd853d38252,0.017993975751658786
ck_4a1f0172d3bf4fd3,0.009390806689335672
ck_517620ca16505af0,0.0020752789869672808
ck_9ae904fbef56065c,0.002574908049273848
ck_d5ef1f6e34bb35b8,0.06215613240315026
ck_ff42557857ae3aeb,0.002050547178906765
ck_ad9a18f58589faa7,0.013010232589249725
ck_df1a6edaa3e6b271,0.004116817738899208
ck_99021fe7225b5a68,0.04294243954498184
ck_99e52c3c2530b69e,0.987224578951535
ck_3a4811dc4a1a891d,0.006306887590441474
ck_ba3a6be026c87079,0.0035232167525530594
ck_da6d1e5cf6aba6fd,0.006663004895396776
ck_ddc7c1f3d45fe6e6,0.006953855405855514
ck_e1b1e7a7e4a15b3e,0.004233596010341501
ck_8288f7f226e08b89,0.008343209829856186
ck_c4524993ec31dbe5,0.007986276782198147
ck_8b19bb5b23b6741c,0.0217606709050241
ck_d21b38231a8a9f4a,0.19593005906510036
ck_3f730318a9792292,0.017621273779739363
ck_a4db6e94a8f77f9d,0.048172322375756846
ck_a8cac8d480306839,0.0008295782523600574
ck_5472214011fbc2a7,0.0025334647388259705
ck_7356f47dbbbe7904,0.010117906356716248
ck_16801e628e883d78,0.008048341580872248
ck_0dc1e536231c4860,0.01686134598180944
ck_7cd0634a6e60af83,0.024028592332071837
ck_ef6f8e048ae1bd4b,0.007892944468843486
ck_82f3f744209888ac,0.018558841316336817
ck_f33188c232a03526,0.1557324644003657
ck_4a59f4e10bf45d7f,0.002809251729208764
ck_d96c893721385e4e,0.002970315725378737
ck_f65ab819373edb37,0.01218171683736608
ck_21cac21fc10b7768,0.005978801043291319
ck_139b54e6ccbdd7da,0.09014650943838665
ck_d6f5c8741697abb3,0.00941770231355183
ck_a28d9bb5590d458f,0.04462332138349953
ck_ed26d906883bea0a,0.007220885518818591
ck_227602ad072b838b,0.0016446618909377166
ck_39d5f6c17c745ab1,0.0027864730770021584
ck_744eade757ba69b5,0.02187408097846892
ck_c1295d97cdf35ec2,0.002393407798080029
ck_69105f881da3c821,0.0089232149541455
ck_933789b55361d7c1,0.8380058923149867
ck_b667952253503174,0.004913886471543709
ck_7bf668e25abeeb05,0.002718021740716218
ck_91742711dfdffd56,0.016759564523442398
ck_af32a0660090dd68,0.03625876585254057
ck_2122f201e65f76ee,0.008813642036081419
ck_f48acb73a5d6af07,0.025329107696523415
ck_337c5684510cf432,0.09055894544617185
ck_f7bde7265053364d,0.017156313334045353
ck_c190c7b924edba75,0.018917732392188105
ck_044fa3b3a003f0b5,0.019276392592948638
ck_87eb43e3b9d96169,0.057418894118431214
ck_2d3d6c9364362017,0.0007572041930334393
ck_ac55dc6cbcdf8228,0.009332216044735005
ck_61d7b0568ec5d6cf,0.02333862830438677
ck_89c74feeaffa7d09,0.003260056009473371
ck_93776b0c113f41f0,0.09701933294409494
ck_15e0b679931f7a8d,0.007172659906274828
ck_77b56c49cfdb1d81,0.14869583156405558
ck_73188a826b5f499f,0.006232102411551317
ck_4f463ef25325ddfa,0.45722447894400986
ck_863db2e394dc47d1,0.987577358770592
ck_d52432ed597f3cc9,0.007735738596086907
ck_04fb61e5739642f8,0.20389632572154315
ck_2e481d75d110c06d,0.04482576194537747
ck_3fa1a523d77cd619,0.012127323387679972
ck_466dc6274fecd708,0.0037812383592130783
ck_e1790b3aa2241b10,0.8783334637680519
ck_84ad096a46e1a960,0.05138914729683496
ck_3be72c9c178fa00d,0.018514072132451067
ck_5a17c89219d1d9fe,0.006786247535142517
ck_4f639f4ee6ce8d9e,0.054161734479639914
ck_f4ec4a935e51b4db,0.01847295692778628
ck_f04040a830f92bac,0.009583255959551062
ck_3e4d02a04be2aaf8,0.011727524614906573
ck_4d1baef193cfb900,0.021061795061734712
ck_0fb3153d37626b75,0.0009702154625793079
ck_88ec57a11b11f702,0.9026963386303668
ck_dca9dc465f759db4,0.005840454101681305
ck_64f5fba6af67e024,0.013452209629131481
ck_896096cb167254ef,0.033981390990388945
ck_7878679065876b98,0.031162989349374386
ck_fe8e5a6c880ceb4e,0.005231800652550832
ck_a5e036327d3d1862,0.001834653389461933
ck_310f73940fc4cf4f,0.013641569793062948
ck_46a8db16ad00b749,0.049339835152315784
ck_0d33977c3de8cfaf,0.9991276365903636
ck_c6fff412f531db0f,0.0007776919472340173
ck_bac6dadf428eaea9,0.0122704428025951
ck_1b96d9af0d7da2d5,0.006568637590297046
ck_fa8a4a9e77799fcc,0.004481872953004896
ck_0bf48607a874b4d1,0.0017734850708394862
ck_eeb75f8a6439f65e,0.024340831598752787
ck_a209a5f7d172125e,0.005110536741749728
ck_8f346b72fb40bf14,0.0029871828484913762
ck_bccbf9fef367f00f,0.020473063683241033
ck_2d1548f1ee405cc9,0.012638808380120947
ck_e8298ff2dc1e9d50,0.0038284474599623902
ck_77c0fb524edb4a94,0.0026988525644502607
ck_28ac4c5134cb8e77,0.019970841829116657
ck_db23a0e3e54be60c,0.7789364201081214
ck_a059d00cee5cee99,0.003068335345507055
ck_3e9e3bba8bd363af,0.004441334931368342
ck_0428728df24cdab4,0.0018857035963165205
ck_88cd35378075c84f,0.0008855335305026179
ck_0174d76398d9dc0f,0.020937580852808446
ck_3f1287e6c27de0dc,0.011851462787772694
ck_ff822700f3605e06,0.9991991327697682
ck_4563227b2038ae07,0.2255769603200643
ck_788e78065526ee19,0.03671199338765308
ck_8a16eb584093b12f,0.0012922743195429645
ck_cc276f71ab6c08fd,0.033328840719474
ck_d61d97b21002f3e9,0.05059066725600264
ck_4b2e87d86a5e415c,0.04071548735206699
ck_3e6f35e4500d2f2a,0.0007255375981127576
ck_3acdb083e0d8ad61,0.0018513539690042068
ck_cd655202db489010,0.002547676797816602
ck_829cbf5ccda481ae,0.004653454118549732
ck_f5882e6f98b8b4cd,0.00106998605959611
ck_767947540b234add,0.009279637002095897
ck_a6e8e8f535b1f1d1,0.019818175799430345
ck_58412a2674fea506,0.009080862746918503
ck_fae7e518a585fa61,0.08269968314426
ck_9c60ae6958d68dbd,0.4050610611659349
ck_328696b8f5e54ec6,0.06815599525213627
ck_7df3f8f4f1068d62,0.003473123581189347
ck_cfadd21458230ef7,0.007791448158323187
ck_7048bedd554c703b,0.0028360265473494728
ck_50422466f145bfd7,0.0030020099115834705
ck_61e1f7168cd9ff25,0.03708487486822983
ck_733aff0f56f5b3c9,0.02411852182311594
ck_e14892e424180549,0.0017213066104453726
ck_03f6664a96de7d0f,0.016013394474872558
ck_b7f4baa2cc82fe61,0.005733247003720663
ck_1e51199a075ca0fa,0.0017952189514679588
ck_0e70516fa07cfb17,0.8939416625288688
ck_0f37c554a5057801,0.4965793464791036
ck_5576b725de38d106,0.0076697534497850205
ck_82f360df1e9f4eb8,0.05711635429094337
ck_395f3bd4aacd7ca6,0.012848277008289869
ck_5e8e857b63966609,0.38149332306041855
ck_93470896f0804b6b,0.9648788257460381
ck_3be854e42e76569a,0.002640557001785582
ck_0567302c57a2417e,0.09993433271946711
ck_ee535461b5f05539,0.2518465539518961
ck_94a096c36162a153,0.011874379623358765
ck_dfc8f5c141fd7c63,0.003178535371561955
ck_98b34f2d704c1c2a,0.019209285131433194
ck_96dff7a09d45f116,0.03556876974052172
ck_79557434c129ba52,0.012775906026413342
ck_4596624a7c01d501,0.008268425541558572
ck_04e89fbd739243fa,0.0027487586488322935
ck_6149ffaf18872dc8,0.002912112747454887
ck_cd78f0832a09bd8f,0.34887453034919086
ck_7e29c10d781c3b41,0.003734584101632119
ck_1f7ee7b23fc6f2f4,0.011251429311666616
ck_c49b685d2b3ab89a,0.0035043634838615397
ck_84569a8fc50e73ac,0.013190166314112012
ck_b92b11d205af91eb,0.0013738928051449857
ck_06280e6d6d2485b0,0.005261679938809506
ck_3c08546dd0c92863,0.00828828957264024
ck_99d3983f907828bf,0.008835473318166764
ck_eccfd552aa652d3c,0.012973169276615617
ck_0cff8153881875ba,0.018003274774690287
ck_c1aebbeca6ab5ff9,0.004294148246708013
ck_538fdbbb3c2bcbbb,0.014449872343170482
ck_8c0210322733c718,0.005497240675648217
ck_0b0c93039f987abc,0.005361665044111693
ck_6d07d6d1bd227d37,0.12267689164869747
ck_9b6ee35e8cd0b11c,0.004127687392488753
ck_d838491d3d4f5ecf,0.006816691537023971
ck_0593ae243a9ebee9,0.009355234509698798
ck_ef261fc09be8eb0b,0.001622062541580809
ck_d0935b571a4a3868,0.01685541661628165
ck_97d04a67a104af39,0.060803387746784336
ck_e25f70d0b7229420,0.013815125429551095
ck_9b71274ff83de482,0.9822619024063909
ck_6de2aa2bb60978d3,0.012918256778612249
ck_eda55c8fb47593d7,0.00987506149036707
ck_924e572517515f19,0.45796911015674396
ck_d6f27eacbad310f4,0.003851729737080733
ck_8550f229b5eb03ab,0.0018995425259054725
ck_e3e95546a84d0ed8,0.024188268055728605
ck_3135c019696ee6af,0.993141137024925
ck_41ba315d8fccb559,0.005593136935218524
ck_72b86e4485da2d0f,0.988232073119275
ck_daaa995f3c2f0e47,0.030922699378936026
ck_053746067839696b,0.020461233765926335
ck_a15fe7d0f4b65c33,0.6130106758943591
ck_15de11438732bb05,0.01045172214847217
ck_2c4d25acbe3fabd9,0.055735496966387806
ck_7f08078908599bd2,0.038698493150928395
ck_e794741742fb2619,0.011438099317566328
ck_238e53b6dee8c301,0.006851581926595126
ck_53a6a33060d5c8b8,0.005569297418579597
ck_0e0919292ad33472,0.5737425717317016
ck_d86ccf148c06c8c8,0.03358705171264268
ck_c881f26c9bf9ae42,0.3923261239031707
ck_4b0947bf94e9d847,0.01724071090359825
ck_e10ff5c38bd18470,0.007958533908504078
ck_b60de9e97aad9e45,0.8639494854089975
ck_190bc849e5ff5401,0.021176349363944903
ck_e7be077aa0b2632c,0.001314347339447474
ck_a51abde881ebeff3,0.022991216763487803
ck_2208392a9f6bd249,0.013336374607965535
ck_0259da8f109017e9,0.005604647516425572
ck_05e01ab9c95449da,0.01144113046332785
ck_c82897ebffb6ae66,0.003367499282084152
ck_b4a6bb4689cd7cfa,0.02289224207729722
ck_9e21ea33018ce538,0.017669566290044673
ck_caa348f0e65db062,0.9973288907402026
ck_a964e6b5d8415334,0.37835126414945675
ck_510bfbbee37ff436,0.0032475471801540917
ck_9741a82faf5c7889,0.0141352072191171
ck_e7f61b4a39ba98ac,0.001763474001068024
ck_069d158665a53909,0.0453407807028476
ck_6426427efe3228af,0.01997942674008952
ck_ab4a8d02ec3c0fd7,0.0007670581583202796
ck_aefa0d8d933e0eca,0.03225545105077248
ck_232325ef6bce92f1,0.008640828550378721
ck_14e58c3fb26a2b4d,0.019271974941238192
ck_06e73afdec26aecc,0.21739871520574225
ck_3168f4f2778d64e1,0.004460852404048461
ck_ff3998d6858daa21,0.0009348929977353394
ck_bccff46fb0868454,0.15316013601577622
ck_c7d444d90fa86d7c,0.40868600704146274
ck_f0bc3bdee6bfbb94,0.02141667872874959
ck_f7112818a6d81422,0.007053735966025965
ck_aca35dbcb835ad02,0.10550640316283809
ck_f637fabf0f60528f,0.013926907919216263
ck_53d17ab97de1ac3e,0.0033134132744619075
ck_c8c1bf16d9113493,0.0694920968768171
ck_e842fb0cf055a83b,0.08934048423391283
ck_93c0cb3dac4891fe,0.005746501327417724
ck_0c1f088e17e46daf,0.033953839769079154
ck_8f4b384955bf57c9,0.0024464080492205653
ck_09cd5c4df1e81ac2,0.09105420815996264
ck_1e832a5b2342554f,0.07237095130703447
ck_2cb763a881aee27f,0.0015271669827691327
ck_5875828b11406398,0.012735911822651418
ck_48e84b0cb0b90fa7,0.03513896733863738
ck_833688de8629c5c0,0.001696901058809147
ck_117d78ccd5820f36,0.00704581975759674
ck_668ec61c4c39cae3,0.0012350634877978726
ck_73a7794b659d7a34,0.0012597819922317277
ck_10f90d879209734f,0.00676463928489621
ck_d1d079913aa158bf,0.0035669031380064723
ck_01c631b38e8a9535,0.006743535693961471
ck_f6923088c17a04e2,0.08687682176775782
ck_b447badc9138987d,0.0016264587820168743
ck_8b772caed8f1541c,0.002277171855308206
ck_5403c76fe68a08ba,0.5015427683890403
ck_3e6833574edf1736,0.022761960935611517
ck_e527fbb9450a4581,0.9266524947753134
ck_cc90e219f1ebf390,0.0006732572237916328
